Name of Location,Address of Location,City,State,Zip,Website,Phone Number,Distance (miles),Rating
Dermatology Affiliates - Midtown,"691 14th St NW, Ste E, Atlanta, GA 30312",Atlanta,GA,30312,https://www.yelp.com/biz/dermatology-affiliates-midtown-atlanta?adjust_creative=Mwql40_Jp9W-rGojm838NQ&utm_campaign=yelp_api_v3&utm_medium=api_v3_business_search&utm_source=Mwql40_Jp9W-rGojm838NQ,+14048167900,2.0,3.1
Cynthia Abbott MD,"Atlanta, GA 30318",Atlanta,GA,30318,https://www.yelp.com/biz/cynthia-abbott-md-atlanta?adjust_creative=Mwql40_Jp9W-rGojm838NQ&utm_campaign=yelp_api_v3&utm_medium=api_v3_business_search&utm_source=Mwql40_Jp9W-rGojm838NQ,+14048167900,2.02,3.7
"Benedict, Linda M, MD","1800 Howell Mill Rd NW, Georgia Skin Specialists, Atlanta, GA 30318",Atlanta,GA,30318,https://www.yelp.com/biz/benedict-linda-m-md-atlanta-3?adjust_creative=Mwql40_Jp9W-rGojm838NQ&utm_campaign=yelp_api_v3&utm_medium=api_v3_business_search&utm_source=Mwql40_Jp9W-rGojm838NQ,+14043521730,2.09,0.0
Georgia Skin Specialists,"2021 Peachtree Rd, Ste 500, Atlanta, GA 30309",Atlanta,GA,30309,https://www.yelp.com/biz/georgia-skin-specialists-atlanta?adjust_creative=Mwql40_Jp9W-rGojm838NQ&utm_campaign=yelp_api_v3&utm_medium=api_v3_business_search&utm_source=Mwql40_Jp9W-rGojm838NQ,+14043521730,2.12,3.7
Atlanta Dermatology & Aesthetics,"232 19th St, Ste 7230, Atlanta, GA 30363",Atlanta,GA,30363,https://www.yelp.com/biz/atlanta-dermatology-and-aesthetics-atlanta?adjust_creative=Mwql40_Jp9W-rGojm838NQ&utm_campaign=yelp_api_v3&utm_medium=api_v3_business_search&utm_source=Mwql40_Jp9W-rGojm838NQ,+14048731795,2.91,3.3
Piedmont Physicians of Buckhead,"35 Collier Rd NW, Ste 775, Atlanta, GA 30309",Atlanta,GA,30309,https://www.yelp.com/biz/piedmont-physicians-of-buckhead-atlanta-10?adjust_creative=Mwql40_Jp9W-rGojm838NQ&utm_campaign=yelp_api_v3&utm_medium=api_v3_business_search&utm_source=Mwql40_Jp9W-rGojm838NQ,+16782646739,3.16,2.8
Dermatology Associates of Georgia,"2061 Peachtree Rd, Ste 400, Atlanta, GA 30309",Atlanta,GA,30309,https://www.yelp.com/biz/dermatology-associates-of-georgia-atlanta-2?adjust_creative=Mwql40_Jp9W-rGojm838NQ&utm_campaign=yelp_api_v3&utm_medium=api_v3_business_search&utm_source=Mwql40_Jp9W-rGojm838NQ,+14045540810,3.22,2.9
Midtown Medical Associates,"1110 W Peachtree St NW, Ste 1040, Atlanta, GA 30309",Atlanta,GA,30309,https://www.yelp.com/biz/midtown-medical-associates-atlanta-3?adjust_creative=Mwql40_Jp9W-rGojm838NQ&utm_campaign=yelp_api_v3&utm_medium=api_v3_business_search&utm_source=Mwql40_Jp9W-rGojm838NQ,+14048885050,3.32,3.5
Laureate Medical Group - Midtown,"1110 West Peachtree St, Ste 1100, Atlanta, GA 30309",Atlanta,GA,30309,https://www.yelp.com/biz/laureate-medical-group-midtown-atlanta?adjust_creative=Mwql40_Jp9W-rGojm838NQ&utm_campaign=yelp_api_v3&utm_medium=api_v3_business_search&utm_source=Mwql40_Jp9W-rGojm838NQ,+14048922131,3.32,2.3
"Rutledge Forney, MD","Atlanta, GA 30309",Atlanta,GA,30309,https://www.yelp.com/biz/rutledge-forney-md-atlanta?adjust_creative=Mwql40_Jp9W-rGojm838NQ&utm_campaign=yelp_api_v3&utm_medium=api_v3_business_search&utm_source=Mwql40_Jp9W-rGojm838NQ,,3.55,0.0
Tailor Made Looks Institute of Plastic Surgery and MedSpa,"55 Peachtree Park Dr NE, Atlanta, GA 30309",Atlanta,GA,30309,https://www.yelp.com/biz/tailor-made-looks-institute-of-plastic-surgery-and-medspa-atlanta-4?adjust_creative=Mwql40_Jp9W-rGojm838NQ&utm_campaign=yelp_api_v3&utm_medium=api_v3_business_search&utm_source=Mwql40_Jp9W-rGojm838NQ,+14043509355,3.57,4.5
Truffles Aesthetics,"2233 Peachtree Rd NE, Ste K, Atlanta, GA 30309",Atlanta,GA,30309,https://www.yelp.com/biz/truffles-aesthetics-atlanta?adjust_creative=Mwql40_Jp9W-rGojm838NQ&utm_campaign=yelp_api_v3&utm_medium=api_v3_business_search&utm_source=Mwql40_Jp9W-rGojm838NQ,+17704602000,3.64,4.5
"Mack Rachal, MD","550 Peachtree St NE, Atlanta, GA 30308",Atlanta,GA,30308,https://www.yelp.com/biz/mack-rachal-md-atlanta?adjust_creative=Mwql40_Jp9W-rGojm838NQ&utm_campaign=yelp_api_v3&utm_medium=api_v3_business_search&utm_source=Mwql40_Jp9W-rGojm838NQ,+14042156520,3.7,4.0
Blue Med Center,"190 Tenth St NE, Atlanta, GA 30309",Atlanta,GA,30309,https://www.yelp.com/biz/blue-med-center-atlanta-2?adjust_creative=Mwql40_Jp9W-rGojm838NQ&utm_campaign=yelp_api_v3&utm_medium=api_v3_business_search&utm_source=Mwql40_Jp9W-rGojm838NQ,+14048158880,3.75,4.2
Clark Laser & Cosmetic Dermatology,"3200 Downwood Cir NW, Ste 360, Atlanta, GA 30327",Atlanta,GA,30327,https://www.yelp.com/biz/clark-laser-and-cosmetic-dermatology-atlanta?adjust_creative=Mwql40_Jp9W-rGojm838NQ&utm_campaign=yelp_api_v3&utm_medium=api_v3_business_search&utm_source=Mwql40_Jp9W-rGojm838NQ,+17704059956,3.83,3.3
Galloway Trephina DO,"3193 Howell Mill Rd NW, Atlanta, GA 30327",Atlanta,GA,30327,https://www.yelp.com/biz/galloway-trephina-do-atlanta?adjust_creative=Mwql40_Jp9W-rGojm838NQ&utm_campaign=yelp_api_v3&utm_medium=api_v3_business_search&utm_source=Mwql40_Jp9W-rGojm838NQ,+14043505777,3.85,5.0
Dermatology Consultants,"3280 Howell Mill Rd NW, Ste 101, Atlanta, GA 30327",Atlanta,GA,30327,https://www.yelp.com/biz/dermatology-consultants-atlanta-3?adjust_creative=Mwql40_Jp9W-rGojm838NQ&utm_campaign=yelp_api_v3&utm_medium=api_v3_business_search&utm_source=Mwql40_Jp9W-rGojm838NQ,+14043517546,3.94,3.3
"Sylvia W Wright, MD","371 E Paces Ferry Rd, Ste 900, Peachtree Dermatology Associates, Atlanta, GA 30305",Atlanta,GA,30305,https://www.yelp.com/biz/sylvia-w-wright-md-atlanta?adjust_creative=Mwql40_Jp9W-rGojm838NQ&utm_campaign=yelp_api_v3&utm_medium=api_v3_business_search&utm_source=Mwql40_Jp9W-rGojm838NQ,+14043551919,4.01,4.3
"Darren L Casey, MD","1218 W Paces Ferry Rd, Ste 200, Atlanta, GA 30327",Atlanta,GA,30327,https://www.yelp.com/biz/darren-l-casey-md-atlanta?adjust_creative=Mwql40_Jp9W-rGojm838NQ&utm_campaign=yelp_api_v3&utm_medium=api_v3_business_search&utm_source=Mwql40_Jp9W-rGojm838NQ,+14045257409,4.31,3.0
"Hailey, Brody, Casey & Wray, MD PC","1218 W Paces Ferry Rd NW, Atlanta, GA 30327",Atlanta,GA,30327,https://www.yelp.com/biz/hailey-brody-casey-and-wray-md-pc-atlanta-3?adjust_creative=Mwql40_Jp9W-rGojm838NQ&utm_campaign=yelp_api_v3&utm_medium=api_v3_business_search&utm_source=Mwql40_Jp9W-rGojm838NQ,+14045257409,4.31,3.6
Buckhead Facial Plastic Surgery,"1218 West Paces Ferry Rd NW, Ste 108, Atlanta, GA 30327",Atlanta,GA,30327,https://www.yelp.com/biz/buckhead-facial-plastic-surgery-atlanta?adjust_creative=Mwql40_Jp9W-rGojm838NQ&utm_campaign=yelp_api_v3&utm_medium=api_v3_business_search&utm_source=Mwql40_Jp9W-rGojm838NQ,+14042333937,4.33,3.9
Grady Memorial Hospital,"80 Jesse Hill Jr Dr SE, Atlanta, GA 30303",Atlanta,GA,30303,https://www.yelp.com/biz/grady-memorial-hospital-atlanta-3?adjust_creative=Mwql40_Jp9W-rGojm838NQ&utm_campaign=yelp_api_v3&utm_medium=api_v3_business_search&utm_source=Mwql40_Jp9W-rGojm838NQ,+14046161000,4.45,2.1
"Wilborn Wesley, MD","285 Blvd NE, Atlanta, GA 30312",Atlanta,GA,30312,https://www.yelp.com/biz/wilborn-wesley-md-atlanta?adjust_creative=Mwql40_Jp9W-rGojm838NQ&utm_campaign=yelp_api_v3&utm_medium=api_v3_business_search&utm_source=Mwql40_Jp9W-rGojm838NQ,+14046591795,4.63,0.0
Goodman Dermatology,"4298 Atlanta Rd SE, Smyrna, GA 30080",Smyrna,GA,30080,https://www.yelp.com/biz/goodman-dermatology-smyrna?adjust_creative=Mwql40_Jp9W-rGojm838NQ&utm_campaign=yelp_api_v3&utm_medium=api_v3_business_search&utm_source=Mwql40_Jp9W-rGojm838NQ,+17707540787,5.01,1.0
Regen Care,"240 Pharr Rd NE, Atlanta, GA 30305",Atlanta,GA,30305,https://www.yelp.com/biz/regen-care-atlanta?adjust_creative=Mwql40_Jp9W-rGojm838NQ&utm_campaign=yelp_api_v3&utm_medium=api_v3_business_search&utm_source=Mwql40_Jp9W-rGojm838NQ,+16784303039,5.06,3.9
Theory Aesthetics,"659 Auburn Ave NE, Ste 505, Atlanta, GA 30312",Atlanta,GA,30312,https://www.yelp.com/biz/theory-aesthetics-atlanta?adjust_creative=Mwql40_Jp9W-rGojm838NQ&utm_campaign=yelp_api_v3&utm_medium=api_v3_business_search&utm_source=Mwql40_Jp9W-rGojm838NQ,+14044964091,5.09,5.0
Robertson Dirk Dr,"Atlanta, GA 30327",Atlanta,GA,30327,https://www.yelp.com/biz/robertson-dirk-dr-atlanta?adjust_creative=Mwql40_Jp9W-rGojm838NQ&utm_campaign=yelp_api_v3&utm_medium=api_v3_business_search&utm_source=Mwql40_Jp9W-rGojm838NQ,,5.09,5.0
"T Douglas Gurley, MD","659 Auburn Ave NE, Ste 156, Atlanta, GA 30312",Atlanta,GA,30312,https://www.yelp.com/biz/t-douglas-gurley-md-atlanta-2?adjust_creative=Mwql40_Jp9W-rGojm838NQ&utm_campaign=yelp_api_v3&utm_medium=api_v3_business_search&utm_source=Mwql40_Jp9W-rGojm838NQ,+14048880228,5.1,2.9
Bella Medspa,"3216 Paces Ferry Pl NW, Atlanta, GA 30305",Atlanta,GA,30305,https://www.yelp.com/biz/bella-medspa-atlanta-2?adjust_creative=Mwql40_Jp9W-rGojm838NQ&utm_campaign=yelp_api_v3&utm_medium=api_v3_business_search&utm_source=Mwql40_Jp9W-rGojm838NQ,+16789083491,5.21,3.6
Seraphim Skin Care,"631 Miami Cir NE, Ste 18, Atlanta, GA 30324",Atlanta,GA,30324,https://www.yelp.com/biz/seraphim-skin-care-atlanta?adjust_creative=Mwql40_Jp9W-rGojm838NQ&utm_campaign=yelp_api_v3&utm_medium=api_v3_business_search&utm_source=Mwql40_Jp9W-rGojm838NQ,+14042660531,5.32,4.1
Peachtree Dermatology Associates,"371 E Paces Ferry Rd, Ste 900, Atlanta, GA 30305",Atlanta,GA,30305,https://www.yelp.com/biz/peachtree-dermatology-associates-atlanta-2?adjust_creative=Mwql40_Jp9W-rGojm838NQ&utm_campaign=yelp_api_v3&utm_medium=api_v3_business_search&utm_source=Mwql40_Jp9W-rGojm838NQ,+14043551919,5.33,3.3
"Christine M Law, MD","371 E Paces Ferry Rd, Ste 900, Peachtree Dermatology Associates, Atlanta, GA 30305",Atlanta,GA,30305,https://www.yelp.com/biz/christine-m-law-md-atlanta-4?adjust_creative=Mwql40_Jp9W-rGojm838NQ&utm_campaign=yelp_api_v3&utm_medium=api_v3_business_search&utm_source=Mwql40_Jp9W-rGojm838NQ,+14043551919,5.33,0.0
"Straughn Sherrie-Ann, MD","2961 Hardman Ct NE, Atlanta, GA 30305",Atlanta,GA,30305,https://www.yelp.com/biz/straughn-sherrie-ann-md-atlanta?adjust_creative=Mwql40_Jp9W-rGojm838NQ&utm_campaign=yelp_api_v3&utm_medium=api_v3_business_search&utm_source=Mwql40_Jp9W-rGojm838NQ,+14048164000,5.42,3.4
Buckhead Dermatology,"2961 Hardman Ct, Atlanta, GA 30305",Atlanta,GA,30305,https://www.yelp.com/biz/buckhead-dermatology-atlanta-2?adjust_creative=Mwql40_Jp9W-rGojm838NQ&utm_campaign=yelp_api_v3&utm_medium=api_v3_business_search&utm_source=Mwql40_Jp9W-rGojm838NQ,+14048164000,5.42,2.6
Derm Adept,"2451 Cumberland Pkwy, Ste 3917, Atlanta, GA 30339",Atlanta,GA,30339,https://www.yelp.com/biz/derm-adept-atlanta-2?adjust_creative=Mwql40_Jp9W-rGojm838NQ&utm_campaign=yelp_api_v3&utm_medium=api_v3_business_search&utm_source=Mwql40_Jp9W-rGojm838NQ,+14709910662,5.47,0.0
"Rutledge Forney, MD","3131 Maple Dr, Ste 102, Dermatology Affiliates, Atlanta, GA 30305",Atlanta,GA,30305,https://www.yelp.com/biz/rutledge-forney-md-atlanta-17?adjust_creative=Mwql40_Jp9W-rGojm838NQ&utm_campaign=yelp_api_v3&utm_medium=api_v3_business_search&utm_source=Mwql40_Jp9W-rGojm838NQ,+14048167900,5.57,3.4
Dermatology Affiliates,"3131 Maple Dr, Ste 102, Atlanta, GA 30305",Atlanta,GA,30305,https://www.yelp.com/biz/dermatology-affiliates-buckhead-atlanta-11?adjust_creative=Mwql40_Jp9W-rGojm838NQ&utm_campaign=yelp_api_v3&utm_medium=api_v3_business_search&utm_source=Mwql40_Jp9W-rGojm838NQ,+14048167900,5.57,2.7
Skin Deep Skin Care Studio,"2989 Piedmont Rd NE, Atlanta, GA 30305",Atlanta,GA,30305,https://www.yelp.com/biz/skin-deep-skin-care-studio-atlanta?adjust_creative=Mwql40_Jp9W-rGojm838NQ&utm_campaign=yelp_api_v3&utm_medium=api_v3_business_search&utm_source=Mwql40_Jp9W-rGojm838NQ,+14048390848,5.59,4.7
Divine Dermatology,"1039 Grant St SE, Ste A-11, Atlanta, GA 30315",Atlanta,GA,30315,https://www.yelp.com/biz/divine-dermatology-atlanta?adjust_creative=Mwql40_Jp9W-rGojm838NQ&utm_campaign=yelp_api_v3&utm_medium=api_v3_business_search&utm_source=Mwql40_Jp9W-rGojm838NQ,+16785897546,5.84,2.8
The Ageless Center,"2770 Lenox Rd NE, Atlanta, GA 30324",Atlanta,GA,30324,https://www.yelp.com/biz/the-ageless-center-atlanta-3?adjust_creative=Mwql40_Jp9W-rGojm838NQ&utm_campaign=yelp_api_v3&utm_medium=api_v3_business_search&utm_source=Mwql40_Jp9W-rGojm838NQ,+14042335255,5.9,3.2
"Dana M Wadsworth, MD","Atlanta, GA 30306",Atlanta,GA,30306,https://www.yelp.com/biz/dana-m-wadsworth-md-atlanta?adjust_creative=Mwql40_Jp9W-rGojm838NQ&utm_campaign=yelp_api_v3&utm_medium=api_v3_business_search&utm_source=Mwql40_Jp9W-rGojm838NQ,,5.93,3.8
Olansky Dermatology & Aesthetics,"3379 Peachtree Rd, Ste 500, Atlanta, GA 30326",Atlanta,GA,30326,https://www.yelp.com/biz/olansky-dermatology-associates-atlanta?adjust_creative=Mwql40_Jp9W-rGojm838NQ&utm_campaign=yelp_api_v3&utm_medium=api_v3_business_search&utm_source=Mwql40_Jp9W-rGojm838NQ,+14043555484,6.14,3.1
"Kelli Baender, MD FAAD","3379 Peachtree Rd NE, Ste 500, Olansky Dermatology Associates, Atlanta, GA 30326",Atlanta,GA,30326,https://www.yelp.com/biz/kelli-baender-md-faad-atlanta?adjust_creative=Mwql40_Jp9W-rGojm838NQ&utm_campaign=yelp_api_v3&utm_medium=api_v3_business_search&utm_source=Mwql40_Jp9W-rGojm838NQ,+14043555484,6.16,3.3
"Sonya Bellamy MD, FAAD","3379 Peachtree Rd NE, Ste 500,Peachtree Lenox Bldg, Olansky Dermatology Associates, Atlanta, GA 30326",Atlanta,GA,30326,https://www.yelp.com/biz/sonya-bellamy-md-faad-atlanta?adjust_creative=Mwql40_Jp9W-rGojm838NQ&utm_campaign=yelp_api_v3&utm_medium=api_v3_business_search&utm_source=Mwql40_Jp9W-rGojm838NQ,+14043555484,6.16,0.0
"Jennifer Burger, M.D.","3379 Peachtree Rd NE, Ste 500, Atlanta, GA 30326",Atlanta,GA,30326,https://www.yelp.com/biz/jennifer-burger-m-d-atlanta?adjust_creative=Mwql40_Jp9W-rGojm838NQ&utm_campaign=yelp_api_v3&utm_medium=api_v3_business_search&utm_source=Mwql40_Jp9W-rGojm838NQ,+14043555484,6.16,5.0
"Jodi Ganz, MD, FAAD","3379 Peachtree Rd NE, Ste 500, Atlanta, GA 30326",Atlanta,GA,30326,https://www.yelp.com/biz/jodi-ganz-md-faad-atlanta?adjust_creative=Mwql40_Jp9W-rGojm838NQ&utm_campaign=yelp_api_v3&utm_medium=api_v3_business_search&utm_source=Mwql40_Jp9W-rGojm838NQ,+14043555484,6.17,0.0
"Belinda Graham, MD -  WellStar Medical Group","4480 N Cooper Lake Rd, Ste 101, Smyrna, GA 30082",Smyrna,GA,30082,https://www.yelp.com/biz/belinda-graham-md-wellstar-medical-group-smyrna?adjust_creative=Mwql40_Jp9W-rGojm838NQ&utm_campaign=yelp_api_v3&utm_medium=api_v3_business_search&utm_source=Mwql40_Jp9W-rGojm838NQ,+17703332027,6.25,1.0
Atlanta Womens Specialty Group,"2678 Buford Hwy, Atlanta, GA 30324",Atlanta,GA,30324,https://www.yelp.com/biz/atlanta-womens-specialty-group-atlanta?adjust_creative=Mwql40_Jp9W-rGojm838NQ&utm_campaign=yelp_api_v3&utm_medium=api_v3_business_search&utm_source=Mwql40_Jp9W-rGojm838NQ,+16789045999,6.26,2.2
Georgia Dermatology Specialists,"1354 N Decatur Rd NE, # Nd, Atlanta, GA 30306",Atlanta,GA,30306,https://www.yelp.com/biz/georgia-dermatology-specialists-atlanta?adjust_creative=Mwql40_Jp9W-rGojm838NQ&utm_campaign=yelp_api_v3&utm_medium=api_v3_business_search&utm_source=Mwql40_Jp9W-rGojm838NQ,+14043555484,6.39,0.0
Atlanta Face & Body,"3200 Cobb Galleria Pkwy, Ste 205, Atlanta, GA 30339",Atlanta,GA,30339,https://www.yelp.com/biz/atlanta-face-and-body-atlanta?adjust_creative=Mwql40_Jp9W-rGojm838NQ&utm_campaign=yelp_api_v3&utm_medium=api_v3_business_search&utm_source=Mwql40_Jp9W-rGojm838NQ,+16788883223,6.44,4.1
Lipton Cathy MD,"1833 Clifton Rd NE, Atlanta, GA 30329",Atlanta,GA,30329,https://www.yelp.com/biz/lipton-cathy-md-atlanta?adjust_creative=Mwql40_Jp9W-rGojm838NQ&utm_campaign=yelp_api_v3&utm_medium=api_v3_business_search&utm_source=Mwql40_Jp9W-rGojm838NQ,+14047286363,6.55,0.0
AYA Medical Spa,"3500 Peachtree Rd, Suite#h2c, Atlanta, GA 30326",Atlanta,GA,30326,https://www.yelp.com/biz/aya-medical-spa-phipps-plaza-atlanta-4?adjust_creative=Mwql40_Jp9W-rGojm838NQ&utm_campaign=yelp_api_v3&utm_medium=api_v3_business_search&utm_source=Mwql40_Jp9W-rGojm838NQ,+14048421772,6.64,4.7
Skin Matters,"4279 Roswell Rd NE, Ste 601A, Atlanta, GA 30342",Atlanta,GA,30342,https://www.yelp.com/biz/skin-matters-atlanta-3?adjust_creative=Mwql40_Jp9W-rGojm838NQ&utm_campaign=yelp_api_v3&utm_medium=api_v3_business_search&utm_source=Mwql40_Jp9W-rGojm838NQ,+14042287080,6.82,3.0
Emory Clinic Dermatology,"1365 Clifton Rd NE, Atlanta, GA 30322",Atlanta,GA,30322,https://www.yelp.com/biz/emory-clinic-dermatology-atlanta-2?adjust_creative=Mwql40_Jp9W-rGojm838NQ&utm_campaign=yelp_api_v3&utm_medium=api_v3_business_search&utm_source=Mwql40_Jp9W-rGojm838NQ,+14047783333,7.11,2.0
Cox Gregory J MD,"2719 Felton Dr, Atlanta, GA 30344",Atlanta,GA,30344,https://www.yelp.com/biz/cox-gregory-j-md-atlanta?adjust_creative=Mwql40_Jp9W-rGojm838NQ&utm_campaign=yelp_api_v3&utm_medium=api_v3_business_search&utm_source=Mwql40_Jp9W-rGojm838NQ,+14047634153,7.5,5.0
South Fulton Dermatology Associates,"2719 Felton Dr, Atlanta, GA 30344",Atlanta,GA,30344,https://www.yelp.com/biz/south-fulton-dermatology-associates-atlanta?adjust_creative=Mwql40_Jp9W-rGojm838NQ&utm_campaign=yelp_api_v3&utm_medium=api_v3_business_search&utm_source=Mwql40_Jp9W-rGojm838NQ,+14047634153,7.5,0.0
Cox Gregory J MD,"2719 Felton Dr, Atlanta, GA 30344",Atlanta,GA,30344,https://www.yelp.com/biz/cox-gregory-j-md-atlanta-2?adjust_creative=Mwql40_Jp9W-rGojm838NQ&utm_campaign=yelp_api_v3&utm_medium=api_v3_business_search&utm_source=Mwql40_Jp9W-rGojm838NQ,+14047634153,7.5,0.0
Alan Larsen - LUX Med Spa,"4684 Roswell Rd NE, Ste A-1, Atlanta, GA 30342",Atlanta,GA,30342,https://www.yelp.com/biz/alan-larsen-lux-med-spa-atlanta-2?adjust_creative=Mwql40_Jp9W-rGojm838NQ&utm_campaign=yelp_api_v3&utm_medium=api_v3_business_search&utm_source=Mwql40_Jp9W-rGojm838NQ,+14044651234,7.51,0.0
Georgia Dermatology Partners - Brookhaven,"3925 Peachtree Rd, Ste 300, Brookhaven, GA 30319",Brookhaven,GA,30319,https://www.yelp.com/biz/georgia-dermatology-partners-brookhaven-brookhaven-3?adjust_creative=Mwql40_Jp9W-rGojm838NQ&utm_campaign=yelp_api_v3&utm_medium=api_v3_business_search&utm_source=Mwql40_Jp9W-rGojm838NQ,+17709724845,7.57,2.7
"David Scurlock, MD - Piedmont Medical Associates","3925 Peachtree Rd NE, Ste 350, Brookhaven, GA 30319",Brookhaven,GA,30319,https://www.yelp.com/biz/david-scurlock-md-piedmont-medical-associates-brookhaven?adjust_creative=Mwql40_Jp9W-rGojm838NQ&utm_campaign=yelp_api_v3&utm_medium=api_v3_business_search&utm_source=Mwql40_Jp9W-rGojm838NQ,+14046227622,7.58,4.5
"Stephen J Kraus, MD","5555 Peachtree Dunwoody Rd, Ste 190, Atlanta, GA 30342",Atlanta,GA,30342,https://www.yelp.com/biz/stephen-j-kraus-md-atlanta?adjust_creative=Mwql40_Jp9W-rGojm838NQ&utm_campaign=yelp_api_v3&utm_medium=api_v3_business_search&utm_source=Mwql40_Jp9W-rGojm838NQ,+14042564457,7.61,4.7
Dermatology Babcock,"4890 Roswell Rd, Ste B-10, Atlanta, GA 30342",Atlanta,GA,30342,https://www.yelp.com/biz/dermatology-babcock-atlanta?adjust_creative=Mwql40_Jp9W-rGojm838NQ&utm_campaign=yelp_api_v3&utm_medium=api_v3_business_search&utm_source=Mwql40_Jp9W-rGojm838NQ,+14048353052,7.77,3.6
Dermatology Specialists of Georgia,"2550 Windy Hill Rd, Ste 200, Marietta, GA 30067",Marietta,GA,30067,https://www.yelp.com/biz/dermatology-specialists-of-georgia-marietta?adjust_creative=Mwql40_Jp9W-rGojm838NQ&utm_campaign=yelp_api_v3&utm_medium=api_v3_business_search&utm_source=Mwql40_Jp9W-rGojm838NQ,+17709522100,7.93,3.8
Gardner Med Spa,"2550 Windy Hill Rd, Ste 204, Gardner Dermatology & MED SPA, Marietta, GA 30067",Marietta,GA,30067,https://www.yelp.com/biz/alan-gardner-md-marietta-2?adjust_creative=Mwql40_Jp9W-rGojm838NQ&utm_campaign=yelp_api_v3&utm_medium=api_v3_business_search&utm_source=Mwql40_Jp9W-rGojm838NQ,+17709521977,7.93,4.0
WellStar Medical Group Northwest Women's Care,"2550 Windy Hill Rd, Ste 115, Marietta, GA 30067",Marietta,GA,30067,https://www.yelp.com/biz/wellstar-medical-group-northwest-womens-care-marietta-4?adjust_creative=Mwql40_Jp9W-rGojm838NQ&utm_campaign=yelp_api_v3&utm_medium=api_v3_business_search&utm_source=Mwql40_Jp9W-rGojm838NQ,+17709801818,7.93,0.0
Family Dermatology,"2550 Windy Hill Rd SE, Ste 103, Marietta, GA 30067",Marietta,GA,30067,https://www.yelp.com/biz/family-dermatology-marietta?adjust_creative=Mwql40_Jp9W-rGojm838NQ&utm_campaign=yelp_api_v3&utm_medium=api_v3_business_search&utm_source=Mwql40_Jp9W-rGojm838NQ,+17709520050,7.93,1.0
Kraus Steven B MD,"2520 Windy Hill Rd SE, Marietta, GA 30067",Marietta,GA,30067,https://www.yelp.com/biz/kraus-steven-b-md-marietta?adjust_creative=Mwql40_Jp9W-rGojm838NQ&utm_campaign=yelp_api_v3&utm_medium=api_v3_business_search&utm_source=Mwql40_Jp9W-rGojm838NQ,+17709521032,7.98,5.0
Atlanta Acne Specialists,"1276-A McConnell Dr, Decatur, GA 30033",Decatur,GA,30033,https://www.yelp.com/biz/atlanta-acne-specialists-decatur?adjust_creative=Mwql40_Jp9W-rGojm838NQ&utm_campaign=yelp_api_v3&utm_medium=api_v3_business_search&utm_source=Mwql40_Jp9W-rGojm838NQ,+14049005152,8.07,4.9
Family Dermatology of Smyrna,"3001 S Cobb Dr SE, Ste 203, Smyrna, GA 30080",Smyrna,GA,30080,https://www.yelp.com/biz/family-dermatology-of-smyrna-smyrna?adjust_creative=Mwql40_Jp9W-rGojm838NQ&utm_campaign=yelp_api_v3&utm_medium=api_v3_business_search&utm_source=Mwql40_Jp9W-rGojm838NQ,+17704366216,8.08,0.0
"Goldstein Martin I, MD PC","3001 S Cobb Dr SE, Ste 203, Smyrna, GA 30080",Smyrna,GA,30080,https://www.yelp.com/biz/goldstein-martin-i-md-pc-smyrna?adjust_creative=Mwql40_Jp9W-rGojm838NQ&utm_campaign=yelp_api_v3&utm_medium=api_v3_business_search&utm_source=Mwql40_Jp9W-rGojm838NQ,+17704366216,8.08,0.0
Dermatology Associates of Georgia,"1951 Clairmont Rd, Decatur, GA 30033",Decatur,GA,30033,https://www.yelp.com/biz/dermatology-associates-of-georgia-decatur?adjust_creative=Mwql40_Jp9W-rGojm838NQ&utm_campaign=yelp_api_v3&utm_medium=api_v3_business_search&utm_source=Mwql40_Jp9W-rGojm838NQ,+14043214600,8.09,2.0
McAlvany Joan P MD,"1951 Clairmont Rd, Decatur, GA 30033",Decatur,GA,30033,https://www.yelp.com/biz/mcalvany-joan-p-md-decatur?adjust_creative=Mwql40_Jp9W-rGojm838NQ&utm_campaign=yelp_api_v3&utm_medium=api_v3_business_search&utm_source=Mwql40_Jp9W-rGojm838NQ,+14043214600,8.1,2.2
Stonecipher Marcus R MD,"1951 Clairmont Rd, Decatur, GA 30033",Decatur,GA,30033,https://www.yelp.com/biz/stonecipher-marcus-r-md-decatur?adjust_creative=Mwql40_Jp9W-rGojm838NQ&utm_campaign=yelp_api_v3&utm_medium=api_v3_business_search&utm_source=Mwql40_Jp9W-rGojm838NQ,+14043214600,8.1,0.0
Flowers Medical Group,"1950 Spectrum Cir 505, Ste 505, Marietta, GA 30067",Marietta,GA,30067,https://www.yelp.com/biz/flowers-medical-group-marietta?adjust_creative=Mwql40_Jp9W-rGojm838NQ&utm_campaign=yelp_api_v3&utm_medium=api_v3_business_search&utm_source=Mwql40_Jp9W-rGojm838NQ,+16783034420,8.19,4.2
Campbell D'hue Gloria MD,"2950 Stone Hogan Connecto, Atlanta, GA 30331",Atlanta,GA,30331,https://www.yelp.com/biz/campbell-d-hue-gloria-md-atlanta-2?adjust_creative=Mwql40_Jp9W-rGojm838NQ&utm_campaign=yelp_api_v3&utm_medium=api_v3_business_search&utm_source=Mwql40_Jp9W-rGojm838NQ,+14043497440,8.21,2.8
Campbell-D'hue Gloria MD,"2950 Stone Hogan Connector Rd SW, Atlanta, GA 30331",Atlanta,GA,30331,https://www.yelp.com/biz/campbell-d-hue-gloria-md-atlanta-3?adjust_creative=Mwql40_Jp9W-rGojm838NQ&utm_campaign=yelp_api_v3&utm_medium=api_v3_business_search&utm_source=Mwql40_Jp9W-rGojm838NQ,+14043497440,8.21,2.0
Atlanta Center of Dermatology & Medispa PC,"2950 Stone Hogan Connector Rd SW, Atlanta, GA 30331",Atlanta,GA,30331,https://www.yelp.com/biz/atlanta-center-of-dermatology-and-medispa-pc-atlanta?adjust_creative=Mwql40_Jp9W-rGojm838NQ&utm_campaign=yelp_api_v3&utm_medium=api_v3_business_search&utm_source=Mwql40_Jp9W-rGojm838NQ,+14043497440,8.34,2.8
Ponce Primary Care,"315 W Ponce De Leon Ave, Ste 110, Decatur, GA 30030",Decatur,GA,30030,https://www.yelp.com/biz/ponce-primary-care-decatur?adjust_creative=Mwql40_Jp9W-rGojm838NQ&utm_campaign=yelp_api_v3&utm_medium=api_v3_business_search&utm_source=Mwql40_Jp9W-rGojm838NQ,+14045372521,8.4,3.9
Fabu Face Spa,"805 Church St, Decatur, GA 30030",Decatur,GA,30030,https://www.yelp.com/biz/fabu-face-spa-decatur?adjust_creative=Mwql40_Jp9W-rGojm838NQ&utm_campaign=yelp_api_v3&utm_medium=api_v3_business_search&utm_source=Mwql40_Jp9W-rGojm838NQ,+14043776363,8.72,4.6
Urgent Team - Austell,"1025 E-W Connector, Austell, GA 30106",Austell,GA,30106,https://www.yelp.com/biz/urgent-team-austell-austell?adjust_creative=Mwql40_Jp9W-rGojm838NQ&utm_campaign=yelp_api_v3&utm_medium=api_v3_business_search&utm_source=Mwql40_Jp9W-rGojm838NQ,+16782733071,9.14,0.0
Atlanta Laser & Dermatology,"Decatur, GA 30033",Decatur,GA,30033,https://www.yelp.com/biz/atlanta-laser-and-dermatology-decatur?adjust_creative=Mwql40_Jp9W-rGojm838NQ&utm_campaign=yelp_api_v3&utm_medium=api_v3_business_search&utm_source=Mwql40_Jp9W-rGojm838NQ,+14046440954,9.16,0.0
Dermatology Specialists of Atlanta,"1670 Scott Blvd, Ste 202, Decatur, GA 30030",Decatur,GA,30030,https://www.yelp.com/biz/dermatology-specialists-of-atlanta-decatur?adjust_creative=Mwql40_Jp9W-rGojm838NQ&utm_campaign=yelp_api_v3&utm_medium=api_v3_business_search&utm_source=Mwql40_Jp9W-rGojm838NQ,+16789044932,9.25,1.6
Dermatology Associates,"2665 N Decatur Rd, Ste 650, Decatur, GA 30033",Decatur,GA,30033,https://www.yelp.com/biz/dermatology-associates-decatur?adjust_creative=Mwql40_Jp9W-rGojm838NQ&utm_campaign=yelp_api_v3&utm_medium=api_v3_business_search&utm_source=Mwql40_Jp9W-rGojm838NQ,+14045080566,9.34,2.5
"Russell Harris, MD","875 Johnson Ferry Rd NE, Ste 180, Atlanta, GA 30342",Atlanta,GA,30342,https://www.yelp.com/biz/russell-harris-md-atlanta?adjust_creative=Mwql40_Jp9W-rGojm838NQ&utm_campaign=yelp_api_v3&utm_medium=api_v3_business_search&utm_source=Mwql40_Jp9W-rGojm838NQ,+14042579933,9.53,4.0
MetroDerm - Sandy Springs,"875 Johnson Ferry Rd NE, Ste 300, Atlanta, GA 30342",Atlanta,GA,30342,https://www.yelp.com/biz/metroderm-sandy-springs-atlanta?adjust_creative=Mwql40_Jp9W-rGojm838NQ&utm_campaign=yelp_api_v3&utm_medium=api_v3_business_search&utm_source=Mwql40_Jp9W-rGojm838NQ,+14042579933,9.54,3.3
Perimeter Dermatology,"5505 Peachtree Dunwoody Rd, Ste 412, Atlanta, GA 30342",Atlanta,GA,30342,https://www.yelp.com/biz/perimeter-dermatology-atlanta?adjust_creative=Mwql40_Jp9W-rGojm838NQ&utm_campaign=yelp_api_v3&utm_medium=api_v3_business_search&utm_source=Mwql40_Jp9W-rGojm838NQ,+14044599177,9.61,3.4
Dermani Medspa,"5950 Roswell Rd, Sandy Springs, GA 30328",Sandy Springs,GA,30328,https://www.yelp.com/biz/dermani-medspa-sandy-springs?adjust_creative=Mwql40_Jp9W-rGojm838NQ&utm_campaign=yelp_api_v3&utm_medium=api_v3_business_search&utm_source=Mwql40_Jp9W-rGojm838NQ,+17702122242,9.66,3.9
Southeast Dermatology Specialists,"5555 Peachtree Dunwoody Rd NE, Ste 281, Atlanta, GA 30342",Atlanta,GA,30342,https://www.yelp.com/biz/southeast-dermatology-specialists-atlanta-3?adjust_creative=Mwql40_Jp9W-rGojm838NQ&utm_campaign=yelp_api_v3&utm_medium=api_v3_business_search&utm_source=Mwql40_Jp9W-rGojm838NQ,+14707633376,9.7,1.0
Baucom & Mina Derm Surgery - Atlanta,"5555 Peachtree-Dunwoody Rd, Ste 206, Atlanta, GA 30342",Atlanta,GA,30342,https://www.yelp.com/biz/baucom-and-mina-derm-surgery-atlanta-atlanta?adjust_creative=Mwql40_Jp9W-rGojm838NQ&utm_campaign=yelp_api_v3&utm_medium=api_v3_business_search&utm_source=Mwql40_Jp9W-rGojm838NQ,+14048440496,9.71,4.0
Dermatology Associates of Atlanta,"5555 Peachtree Dunwoody Rd NE, Ste 190, Atlanta, GA 30342",Atlanta,GA,30342,https://www.yelp.com/biz/dermatology-associates-of-atlanta-atlanta-2?adjust_creative=Mwql40_Jp9W-rGojm838NQ&utm_campaign=yelp_api_v3&utm_medium=api_v3_business_search&utm_source=Mwql40_Jp9W-rGojm838NQ,+14042564457,9.73,2.9
"D. Scott Karempelis, M.D.","5555 Peachtree Dunwoody Rd NE, Ste 190, Atlanta, GA 30342",Atlanta,GA,30342,https://www.yelp.com/biz/d-scott-karempelis-m-d-atlanta?adjust_creative=Mwql40_Jp9W-rGojm838NQ&utm_campaign=yelp_api_v3&utm_medium=api_v3_business_search&utm_source=Mwql40_Jp9W-rGojm838NQ,+14042564457,9.74,4.0
Prestige Healthcare OBGYN,"3886 Princeton Lakes Way, Ste 280, Atlanta, GA 30331",Atlanta,GA,30331,https://www.yelp.com/biz/prestige-healthcare-obgyn-atlanta-2?adjust_creative=Mwql40_Jp9W-rGojm838NQ&utm_campaign=yelp_api_v3&utm_medium=api_v3_business_search&utm_source=Mwql40_Jp9W-rGojm838NQ,+14705580658,9.84,2.7
Atlanta Skin and Aesthetics,"5671 Peachtree Dunwoody Rd, Ste 660, Peachtree Dunwoody Dermatology, Atlanta, GA 30342",Atlanta,GA,30342,https://www.yelp.com/biz/atlanta-skin-and-aesthetics-atlanta-3?adjust_creative=Mwql40_Jp9W-rGojm838NQ&utm_campaign=yelp_api_v3&utm_medium=api_v3_business_search&utm_source=Mwql40_Jp9W-rGojm838NQ,+14042524110,9.97,3.3
Atlanta West Dermatology PC,"1550 Mulkey Rd, Austell, GA 30106",Austell,GA,30106,https://www.yelp.com/biz/atlanta-west-dermatology-pc-austell?adjust_creative=Mwql40_Jp9W-rGojm838NQ&utm_campaign=yelp_api_v3&utm_medium=api_v3_business_search&utm_source=Mwql40_Jp9W-rGojm838NQ,+17707321137,10.01,2.4
Atlanta Center For Dermatologic Diseases,"5673 Peachtree Dunwoody Rd, Ste 850, Sandy Springs, GA 30342",Sandy Springs,GA,30342,https://www.yelp.com/biz/atlanta-center-for-dermatologic-diseases-atlanta-3?adjust_creative=Mwql40_Jp9W-rGojm838NQ&utm_campaign=yelp_api_v3&utm_medium=api_v3_business_search&utm_source=Mwql40_Jp9W-rGojm838NQ,+14042524333,10.01,2.8
"Peter J Abramson, MD","5673 Peachtre Dnwdy Rd NE, Atlanta, GA 30342",Atlanta,GA,30342,https://www.yelp.com/biz/peter-j-abramson-md-atlanta?adjust_creative=Mwql40_Jp9W-rGojm838NQ&utm_campaign=yelp_api_v3&utm_medium=api_v3_business_search&utm_source=Mwql40_Jp9W-rGojm838NQ,+14042971789,10.04,5.0
"Shereen Timani, MD - Springs Dermatology MD","6400 Blue Stone Rd, Ste 150, Sandy Springs, GA 30328",Sandy Springs,GA,30328,https://www.yelp.com/biz/shereen-timani-md-springs-dermatology-md-sandy-springs?adjust_creative=Mwql40_Jp9W-rGojm838NQ&utm_campaign=yelp_api_v3&utm_medium=api_v3_business_search&utm_source=Mwql40_Jp9W-rGojm838NQ,+14707699400,10.1,0.0
Springs Dermatology,"6400 Blue Stone Rd, Ste 150, Sandy Springs, GA 30328",Sandy Springs,GA,30328,https://www.yelp.com/biz/springs-dermatology-sandy-springs?adjust_creative=Mwql40_Jp9W-rGojm838NQ&utm_campaign=yelp_api_v3&utm_medium=api_v3_business_search&utm_source=Mwql40_Jp9W-rGojm838NQ,+14707699400,10.1,1.0
Springs Hair Restoration,"6400 Blue Stone Rd, Ste 160, Sandy Springs, GA 30328",Sandy Springs,GA,30328,https://www.yelp.com/biz/springs-hair-restoration-sandy-springs-2?adjust_creative=Mwql40_Jp9W-rGojm838NQ&utm_campaign=yelp_api_v3&utm_medium=api_v3_business_search&utm_source=Mwql40_Jp9W-rGojm838NQ,+14707699401,10.1,5.0
"David Bryant, MD","4760 Austell Rd, Ste 120, Austell, GA 30106",Austell,GA,30106,https://www.yelp.com/biz/david-bryant-md-austell?adjust_creative=Mwql40_Jp9W-rGojm838NQ&utm_campaign=yelp_api_v3&utm_medium=api_v3_business_search&utm_source=Mwql40_Jp9W-rGojm838NQ,+17703899116,10.15,1.0
Warner Janice M MD,"1700 Hospital South Dr, Austell, GA 30106",Austell,GA,30106,https://www.yelp.com/biz/warner-janice-m-md-austell?adjust_creative=Mwql40_Jp9W-rGojm838NQ&utm_campaign=yelp_api_v3&utm_medium=api_v3_business_search&utm_source=Mwql40_Jp9W-rGojm838NQ,+17707321137,10.28,0.0
Weisman Jamie MD,"1700 Hospital South Dr, Austell, GA 30106",Austell,GA,30106,https://www.yelp.com/biz/weisman-jamie-md-austell?adjust_creative=Mwql40_Jp9W-rGojm838NQ&utm_campaign=yelp_api_v3&utm_medium=api_v3_business_search&utm_source=Mwql40_Jp9W-rGojm838NQ,+17707321137,10.28,0.0
Adams Ashley W MD,"1700 Hospital South Dr, Austell, GA 30106",Austell,GA,30106,https://www.yelp.com/biz/adams-ashley-w-md-austell?adjust_creative=Mwql40_Jp9W-rGojm838NQ&utm_campaign=yelp_api_v3&utm_medium=api_v3_business_search&utm_source=Mwql40_Jp9W-rGojm838NQ,+17707321137,10.28,0.0
Kavali Plastic Surgery and Skin Renewal Center,"6045 Barfield Rd, Ste 100, Atlanta, GA 30328",Atlanta,GA,30328,https://www.yelp.com/biz/kavali-plastic-surgery-and-skin-renewal-center-atlanta?adjust_creative=Mwql40_Jp9W-rGojm838NQ&utm_campaign=yelp_api_v3&utm_medium=api_v3_business_search&utm_source=Mwql40_Jp9W-rGojm838NQ,+14042503333,10.37,3.4
Cobb Dermatology,"1790 Mulkey Rd, Ste 1, Austell, GA 30106",Austell,GA,30106,https://www.yelp.com/biz/cobb-dermatology-austell?adjust_creative=Mwql40_Jp9W-rGojm838NQ&utm_campaign=yelp_api_v3&utm_medium=api_v3_business_search&utm_source=Mwql40_Jp9W-rGojm838NQ,+17709411013,10.4,0.0
Herskowitz Louis J PC,"1790 Mulkey Rd, Austell, GA 30106",Austell,GA,30106,https://www.yelp.com/biz/herskowitz-louis-j-pc-austell?adjust_creative=Mwql40_Jp9W-rGojm838NQ&utm_campaign=yelp_api_v3&utm_medium=api_v3_business_search&utm_source=Mwql40_Jp9W-rGojm838NQ,+17709411013,10.4,0.0
"Skin Cancer Specialists, P.C. & Aesthetic Center","1790 Mulkey Rd, Ste 1, Austell, GA 30106",Austell,GA,30106,https://www.yelp.com/biz/skin-cancer-specialists-p-c-and-aesthetic-center-austell-2?adjust_creative=Mwql40_Jp9W-rGojm838NQ&utm_campaign=yelp_api_v3&utm_medium=api_v3_business_search&utm_source=Mwql40_Jp9W-rGojm838NQ,+17709411013,10.43,3.0
"Paula Nelson, MD","755 Mt Vernon Hwy NE, Atlanta, GA 30328",Atlanta,GA,30328,https://www.yelp.com/biz/paula-nelson-md-atlanta?adjust_creative=Mwql40_Jp9W-rGojm838NQ&utm_campaign=yelp_api_v3&utm_medium=api_v3_business_search&utm_source=Mwql40_Jp9W-rGojm838NQ,+14048510026,10.74,0.0
O’Reilly  Dermatology,"755 Mount Vernon Hwy NE, Ste 330, Atlanta, GA 30328",Atlanta,GA,30328,https://www.yelp.com/biz/o-reilly-dermatology-atlanta-2?adjust_creative=Mwql40_Jp9W-rGojm838NQ&utm_campaign=yelp_api_v3&utm_medium=api_v3_business_search&utm_source=Mwql40_Jp9W-rGojm838NQ,+14043308445,10.75,4.3
Atlanta Skin Wellness Center,"755 Mt. Vernon Highway NE, Ste 305, Atlanta, GA 30328",Atlanta,GA,30328,https://www.yelp.com/biz/atlanta-skin-wellness-center-atlanta?adjust_creative=Mwql40_Jp9W-rGojm838NQ&utm_campaign=yelp_api_v3&utm_medium=api_v3_business_search&utm_source=Mwql40_Jp9W-rGojm838NQ,+14044464840,10.76,0.0
Dermatology Specialists,"1462 Montreal Rd W, Ste 411, Tucker, GA 30084",Tucker,GA,30084,https://www.yelp.com/biz/dermatology-specialists-tucker?adjust_creative=Mwql40_Jp9W-rGojm838NQ&utm_campaign=yelp_api_v3&utm_medium=api_v3_business_search&utm_source=Mwql40_Jp9W-rGojm838NQ,+14042968000,11.27,0.0
Atlanta Dermatology & Laser Surgery - ATL DERM,"1462 Montreal Rd W, Ste 411, Montreal Medical Ctr, Atlanta, GA 30084",Atlanta,GA,30084,https://www.yelp.com/biz/atlanta-dermatology-and-laser-surgery-atl-derm-atlanta?adjust_creative=Mwql40_Jp9W-rGojm838NQ&utm_campaign=yelp_api_v3&utm_medium=api_v3_business_search&utm_source=Mwql40_Jp9W-rGojm838NQ,+14042968000,11.28,3.3
Angie International Holistic Health Center,"3554 Covington Hwy, Decatur, GA 30032",Decatur,GA,30032,https://www.yelp.com/biz/angie-international-holistic-health-center-decatur?adjust_creative=Mwql40_Jp9W-rGojm838NQ&utm_campaign=yelp_api_v3&utm_medium=api_v3_business_search&utm_source=Mwql40_Jp9W-rGojm838NQ,+14042985499,11.35,4.4
Skin of Culture and Hair Center: Dr. Nikki Hill,"2296 Henderson Mill Rd, Ste 300, Atlanta, GA 30345",Atlanta,GA,30345,https://www.yelp.com/biz/skin-of-culture-and-hair-center-dr-nikki-hill-atlanta?adjust_creative=Mwql40_Jp9W-rGojm838NQ&utm_campaign=yelp_api_v3&utm_medium=api_v3_business_search&utm_source=Mwql40_Jp9W-rGojm838NQ,+14044742301,11.57,3.0
SOCAH Center,"2296 Henderson Mill Rd, Ste 300, Atlanta, GA 30345",Atlanta,GA,30345,https://www.yelp.com/biz/skin-of-culture-and-hair-center-nikki-hill-md-atlanta-2?adjust_creative=Mwql40_Jp9W-rGojm838NQ&utm_campaign=yelp_api_v3&utm_medium=api_v3_business_search&utm_source=Mwql40_Jp9W-rGojm838NQ,+14044742301,11.59,3.5
Lee Michael MD,"1800 Phoenix Blvd, Atlanta, GA 30349",Atlanta,GA,30349,https://www.yelp.com/biz/lee-michael-md-atlanta?adjust_creative=Mwql40_Jp9W-rGojm838NQ&utm_campaign=yelp_api_v3&utm_medium=api_v3_business_search&utm_source=Mwql40_Jp9W-rGojm838NQ,+17709941360,12.07,0.0
Atlanta Dermato Pathology & Pathology Assoc PC,"1800 Phoenix Blvd, Atlanta, GA 30349",Atlanta,GA,30349,https://www.yelp.com/biz/atlanta-dermato-pathology-and-pathology-assoc-pc-atlanta?adjust_creative=Mwql40_Jp9W-rGojm838NQ&utm_campaign=yelp_api_v3&utm_medium=api_v3_business_search&utm_source=Mwql40_Jp9W-rGojm838NQ,+17709941360,12.07,0.0
Wade T R MD,"1800 Phoenix Blvd, Atlanta, GA 30349",Atlanta,GA,30349,https://www.yelp.com/biz/wade-t-r-md-atlanta?adjust_creative=Mwql40_Jp9W-rGojm838NQ&utm_campaign=yelp_api_v3&utm_medium=api_v3_business_search&utm_source=Mwql40_Jp9W-rGojm838NQ,+17709941360,12.07,0.0
"Thomas S Steven, MD","2185 Northlake Pkwy, Tucker, GA 30084",Tucker,GA,30084,https://www.yelp.com/biz/thomas-s-steven-md-tucker?adjust_creative=Mwql40_Jp9W-rGojm838NQ&utm_campaign=yelp_api_v3&utm_medium=api_v3_business_search&utm_source=Mwql40_Jp9W-rGojm838NQ,+17709347200,12.29,0.0
Star Family Health Care & Wellness Center,"5337 Old National Hwy, Ste 100, Atlanta, GA 30349",Atlanta,GA,30349,https://www.yelp.com/biz/star-family-health-care-and-wellness-center-atlanta?adjust_creative=Mwql40_Jp9W-rGojm838NQ&utm_campaign=yelp_api_v3&utm_medium=api_v3_business_search&utm_source=Mwql40_Jp9W-rGojm838NQ,+14047677777,12.4,1.4
Dermatology Affiliates - East Cobb,"4939 Lower Roswell Rd, Ste 104A, Marietta, GA 30068",Marietta,GA,30068,https://www.yelp.com/biz/dermatology-affiliates-east-cobb-marietta?adjust_creative=Mwql40_Jp9W-rGojm838NQ&utm_campaign=yelp_api_v3&utm_medium=api_v3_business_search&utm_source=Mwql40_Jp9W-rGojm838NQ,+14048167900,12.46,2.4
Dermatology and Surgery Specialists of North Atlanta,"4800 Olde Towne Pkwy, Ste 250, Marietta, GA 30068",Marietta,GA,30068,https://www.yelp.com/biz/dermatology-and-surgery-specialists-of-north-atlanta-marietta-2?adjust_creative=Mwql40_Jp9W-rGojm838NQ&utm_campaign=yelp_api_v3&utm_medium=api_v3_business_search&utm_source=Mwql40_Jp9W-rGojm838NQ,+17709713376,12.57,3.8
"Candance Kimbrough-Green, MD","4800 Olde Towne Pkwy, Ste 250, Dermatology Consultants, Marietta, GA 30068",Marietta,GA,30068,https://www.yelp.com/biz/candance-kimbrough-green-md-marietta?adjust_creative=Mwql40_Jp9W-rGojm838NQ&utm_campaign=yelp_api_v3&utm_medium=api_v3_business_search&utm_source=Mwql40_Jp9W-rGojm838NQ,+17709713376,12.58,3.0
"Belinda Graham, MD -  WellStar Medical Group","3747 Roswell Rd NE, Ste 205, Marietta, GA 30062",Marietta,GA,30062,https://www.yelp.com/biz/belinda-graham-md-wellstar-medical-group-marietta?adjust_creative=Mwql40_Jp9W-rGojm838NQ&utm_campaign=yelp_api_v3&utm_medium=api_v3_business_search&utm_source=Mwql40_Jp9W-rGojm838NQ,+17703332027,13.1,0.0
Goodman Dermatology,"1163 Johnson Ferry Rd, Ste 250, Marietta, GA 30068",Marietta,GA,30068,https://www.yelp.com/biz/goodman-dermatology-marietta-4?adjust_creative=Mwql40_Jp9W-rGojm838NQ&utm_campaign=yelp_api_v3&utm_medium=api_v3_business_search&utm_source=Mwql40_Jp9W-rGojm838NQ,+17707540796,13.11,4.8
Atlanta MediSpa and Surgery Center,"1232 Johnson Ferry Rd, Marietta, GA 30068",Marietta,GA,30068,https://www.yelp.com/biz/atlanta-medispa-and-surgery-center-marietta?adjust_creative=Mwql40_Jp9W-rGojm838NQ&utm_campaign=yelp_api_v3&utm_medium=api_v3_business_search&utm_source=Mwql40_Jp9W-rGojm838NQ,+16782132220,13.22,3.9
Chamblee Medical Clinic,"5953 Buford Hwy, Ste 202, Doraville, GA 30340",Doraville,GA,30340,https://www.yelp.com/biz/chamblee-medical-clinic-doraville?adjust_creative=Mwql40_Jp9W-rGojm838NQ&utm_campaign=yelp_api_v3&utm_medium=api_v3_business_search&utm_source=Mwql40_Jp9W-rGojm838NQ,+17704580025,13.61,5.0
"Pare'anna M, MD","Marietta, GA 30062",Marietta,GA,30062,https://www.yelp.com/biz/pareanna-m-md-marietta?adjust_creative=Mwql40_Jp9W-rGojm838NQ&utm_campaign=yelp_api_v3&utm_medium=api_v3_business_search&utm_source=Mwql40_Jp9W-rGojm838NQ,+17709713376,13.74,5.0
Kayal Dermatology & Skin Cancer Specialists,"141 Lacy St, Ste 200, Marietta, GA 30060",Marietta,GA,30060,https://www.yelp.com/biz/kayal-dermatology-and-skin-cancer-specialists-marietta?adjust_creative=Mwql40_Jp9W-rGojm838NQ&utm_campaign=yelp_api_v3&utm_medium=api_v3_business_search&utm_source=Mwql40_Jp9W-rGojm838NQ,+17704267177,13.81,2.0
Dekalb Dermatology & Surgery,"4150 Snapfinger Woods Dr, Decatur, GA 30035",Decatur,GA,30035,https://www.yelp.com/biz/dekalb-dermatology-and-surgery-decatur?adjust_creative=Mwql40_Jp9W-rGojm838NQ&utm_campaign=yelp_api_v3&utm_medium=api_v3_business_search&utm_source=Mwql40_Jp9W-rGojm838NQ,+14042863178,13.92,0.0
Boutee Windell D MD,"4150 Snapfinger Woods Dr, Decatur, GA 30035",Decatur,GA,30035,https://www.yelp.com/biz/boutee-windell-d-md-decatur?adjust_creative=Mwql40_Jp9W-rGojm838NQ&utm_campaign=yelp_api_v3&utm_medium=api_v3_business_search&utm_source=Mwql40_Jp9W-rGojm838NQ,+14042863178,13.92,1.0
Premiére Dermatology And Surgery,"4150 Snapfinger Woods Dr, Ste 205, Decatur, GA 30035",Decatur,GA,30035,https://www.yelp.com/biz/premi%C3%A9re-dermatology-and-surgery-decatur-2?adjust_creative=Mwql40_Jp9W-rGojm838NQ&utm_campaign=yelp_api_v3&utm_medium=api_v3_business_search&utm_source=Mwql40_Jp9W-rGojm838NQ,+14042863178,13.92,0.0
Purvis Mariella B PC C,"4150 Snapfinger Woods Dr, Decatur, GA 30035",Decatur,GA,30035,https://www.yelp.com/biz/purvis-mariella-b-pc-c-decatur?adjust_creative=Mwql40_Jp9W-rGojm838NQ&utm_campaign=yelp_api_v3&utm_medium=api_v3_business_search&utm_source=Mwql40_Jp9W-rGojm838NQ,+14042863178,13.92,0.0
"Skin Cancer Specialists, P.C. & Aesthetic Center","835 Cogburn Ave NW, Ste 100, Marietta, GA 30060",Marietta,GA,30060,https://www.yelp.com/biz/skin-cancer-specialists-p-c-and-aesthetic-center-marietta-4?adjust_creative=Mwql40_Jp9W-rGojm838NQ&utm_campaign=yelp_api_v3&utm_medium=api_v3_business_search&utm_source=Mwql40_Jp9W-rGojm838NQ,+17704225557,14.15,3.6
Marietta Dermatology & the Skin Cancer Center,"111 Marble Mill Rd NW, Marietta, GA 30060",Marietta,GA,30060,https://www.yelp.com/biz/marietta-dermatology-and-the-skin-cancer-center-marietta?adjust_creative=Mwql40_Jp9W-rGojm838NQ&utm_campaign=yelp_api_v3&utm_medium=api_v3_business_search&utm_source=Mwql40_Jp9W-rGojm838NQ,+17704221013,14.17,2.3
"Mark A Chastain, MD - Skin Cancer Specialists","835 Cogburn Ave, Ste 100, Marietta, GA 30060",Marietta,GA,30060,https://www.yelp.com/biz/mark-a-chastain-md-skin-cancer-specialists-marietta?adjust_creative=Mwql40_Jp9W-rGojm838NQ&utm_campaign=yelp_api_v3&utm_medium=api_v3_business_search&utm_source=Mwql40_Jp9W-rGojm838NQ,+17704225557,14.18,3.5
Skin Care Clinic,"155 Medical Way, Riverdale, GA 30274",Riverdale,GA,30274,https://www.yelp.com/biz/skin-care-clinic-riverdale?adjust_creative=Mwql40_Jp9W-rGojm838NQ&utm_campaign=yelp_api_v3&utm_medium=api_v3_business_search&utm_source=Mwql40_Jp9W-rGojm838NQ,+17709912088,14.82,0.0
Mujica Juan A MD,"6584 Professional Pl, Ste B, Riverdale, GA 30274",Riverdale,GA,30274,https://www.yelp.com/biz/mujica-juan-a-md-riverdale-2?adjust_creative=Mwql40_Jp9W-rGojm838NQ&utm_campaign=yelp_api_v3&utm_medium=api_v3_business_search&utm_source=Mwql40_Jp9W-rGojm838NQ,+17709911568,14.95,0.0
Pico Maria R MD,"6584 Professional Pl, Ste B, Riverdale, GA 30274",Riverdale,GA,30274,https://www.yelp.com/biz/pico-maria-r-md-riverdale-2?adjust_creative=Mwql40_Jp9W-rGojm838NQ&utm_campaign=yelp_api_v3&utm_medium=api_v3_business_search&utm_source=Mwql40_Jp9W-rGojm838NQ,+17709911568,14.95,0.0
Pereyo Neville G MD,"6584 Professional Pl, Ste B, Riverdale, GA 30274",Riverdale,GA,30274,https://www.yelp.com/biz/pereyo-neville-g-md-riverdale-2?adjust_creative=Mwql40_Jp9W-rGojm838NQ&utm_campaign=yelp_api_v3&utm_medium=api_v3_business_search&utm_source=Mwql40_Jp9W-rGojm838NQ,+17709911568,14.95,0.0
Dermatology & Skin Surgery Center PC,"6584 Professional Pl, Ste B, Riverdale, GA 30274",Riverdale,GA,30274,https://www.yelp.com/biz/dermatology-and-skin-surgery-center-pc-riverdale?adjust_creative=Mwql40_Jp9W-rGojm838NQ&utm_campaign=yelp_api_v3&utm_medium=api_v3_business_search&utm_source=Mwql40_Jp9W-rGojm838NQ,+17709911568,14.97,0.0
Hill Thomas G MD PC,"5071 Snapfinger Woods Dr, Decatur, GA 30035",Decatur,GA,30035,https://www.yelp.com/biz/hill-thomas-g-md-pc-decatur?adjust_creative=Mwql40_Jp9W-rGojm838NQ&utm_campaign=yelp_api_v3&utm_medium=api_v3_business_search&utm_source=Mwql40_Jp9W-rGojm838NQ,+17709818105,16.11,0.0
Family Dermatology of Norcross,"3965 Holcomb Bridge Rd, Ste 100, Norcross, GA 30092",Norcross,GA,30092,https://www.yelp.com/biz/family-dermatology-of-norcross-norcross?adjust_creative=Mwql40_Jp9W-rGojm838NQ&utm_campaign=yelp_api_v3&utm_medium=api_v3_business_search&utm_source=Mwql40_Jp9W-rGojm838NQ,+17704488563,16.24,3.0
"Edmund R Clement, MD PC","3459 Holcomb Bridge Rd, Norcross, GA 30092",Norcross,GA,30092,https://www.yelp.com/biz/edmund-r-clement-md-pc-norcross?adjust_creative=Mwql40_Jp9W-rGojm838NQ&utm_campaign=yelp_api_v3&utm_medium=api_v3_business_search&utm_source=Mwql40_Jp9W-rGojm838NQ,,16.25,5.0
Cole Dermatology & Aesthetic Center,"3525 Holcomb Bridge Rd, Peachtree Corners, GA 30092",Peachtree Corners,GA,30092,https://www.yelp.com/biz/cole-dermatology-and-aesthetic-center-peachtree-corners-2?adjust_creative=Mwql40_Jp9W-rGojm838NQ&utm_campaign=yelp_api_v3&utm_medium=api_v3_business_search&utm_source=Mwql40_Jp9W-rGojm838NQ,+16784176900,16.28,2.5
Hougeir Firas George Faad,"4645 Timber Ridge Dr, Ste 100, Douglasville, GA 30135",Douglasville,GA,30135,https://www.yelp.com/biz/hougeir-firas-george-faad-douglasville?adjust_creative=Mwql40_Jp9W-rGojm838NQ&utm_campaign=yelp_api_v3&utm_medium=api_v3_business_search&utm_source=Mwql40_Jp9W-rGojm838NQ,+16787023376,16.79,3.0
Hall Shelly MD,"4645 Timber Ridge Dr, Douglasville, GA 30135",Douglasville,GA,30135,https://www.yelp.com/biz/hall-shelly-md-douglasville?adjust_creative=Mwql40_Jp9W-rGojm838NQ&utm_campaign=yelp_api_v3&utm_medium=api_v3_business_search&utm_source=Mwql40_Jp9W-rGojm838NQ,+16788389090,16.79,0.0
Nelson Paula MD,"4645 Timber Ridge Dr, Douglasville, GA 30135",Douglasville,GA,30135,https://www.yelp.com/biz/nelson-paula-md-douglasville?adjust_creative=Mwql40_Jp9W-rGojm838NQ&utm_campaign=yelp_api_v3&utm_medium=api_v3_business_search&utm_source=Mwql40_Jp9W-rGojm838NQ,+16788389090,16.79,0.0
McWilliams Peter MD,"4645 Timber Ridge Dr, Douglasville, GA 30135",Douglasville,GA,30135,https://www.yelp.com/biz/mcwilliams-peter-md-douglasville?adjust_creative=Mwql40_Jp9W-rGojm838NQ&utm_campaign=yelp_api_v3&utm_medium=api_v3_business_search&utm_source=Mwql40_Jp9W-rGojm838NQ,+16788389090,16.79,0.0
Southeast Dermatology Specialists,"4645 Timber Ridge Dr, Ste 100, Douglasville, GA 30135",Douglasville,GA,30135,https://www.yelp.com/biz/southeast-dermatology-specialists-douglasville?adjust_creative=Mwql40_Jp9W-rGojm838NQ&utm_campaign=yelp_api_v3&utm_medium=api_v3_business_search&utm_source=Mwql40_Jp9W-rGojm838NQ,+16787023376,16.8,2.5
Family Dermatology,"4645 Timber Ridge Dr, Ste 120, Douglasville, GA 30135",Douglasville,GA,30135,https://www.yelp.com/biz/family-dermatology-douglasville?adjust_creative=Mwql40_Jp9W-rGojm838NQ&utm_campaign=yelp_api_v3&utm_medium=api_v3_business_search&utm_source=Mwql40_Jp9W-rGojm838NQ,+16788389090,16.8,1.1
Emory Healthcare,"5461 Hillandale Dr, Lithonia, GA 30058",Lithonia,GA,30058,https://www.yelp.com/biz/emory-healthcare-lithonia?adjust_creative=Mwql40_Jp9W-rGojm838NQ&utm_campaign=yelp_api_v3&utm_medium=api_v3_business_search&utm_source=Mwql40_Jp9W-rGojm838NQ,+14047788100,17.05,4.0
Live Oak Dermatology,"135 Norcross St, Roswell, GA 30075",Roswell,GA,30075,https://www.yelp.com/biz/live-oak-dermatology-roswell?adjust_creative=Mwql40_Jp9W-rGojm838NQ&utm_campaign=yelp_api_v3&utm_medium=api_v3_business_search&utm_source=Mwql40_Jp9W-rGojm838NQ,+16788702020,17.07,4.4
"Amr Agha, MD - Advanced Dermatology","3459 Acworth Due West Rd, Ste 305, Acworth, GA 30101",Acworth,GA,30101,https://www.yelp.com/biz/amr-agha-md-advanced-dermatology-acworth?adjust_creative=Mwql40_Jp9W-rGojm838NQ&utm_campaign=yelp_api_v3&utm_medium=api_v3_business_search&utm_source=Mwql40_Jp9W-rGojm838NQ,+17707397546,17.19,2.2
Marietta Dermatology & The Skin Cancer Center,"5041 Dallas Hwy, Bldg  200-Ste D, Powder Springs, GA 30127",Powder Springs,GA,30127,https://www.yelp.com/biz/marietta-dermatology-and-the-skin-cancer-center-powder-springs-3?adjust_creative=Mwql40_Jp9W-rGojm838NQ&utm_campaign=yelp_api_v3&utm_medium=api_v3_business_search&utm_source=Mwql40_Jp9W-rGojm838NQ,+17704221013,17.92,2.3
Aesthetic Specialty Centre,"1825 Old Alabama Rd, Ste 201, Roswell, GA 30076",Roswell,GA,30076,https://www.yelp.com/biz/aesthetic-specialty-centre-roswell-2?adjust_creative=Mwql40_Jp9W-rGojm838NQ&utm_campaign=yelp_api_v3&utm_medium=api_v3_business_search&utm_source=Mwql40_Jp9W-rGojm838NQ,+17703939000,18.02,4.5
Bella Dermatology - Lithonia,"5900 Hillandale Rd, Ste 320, Lithonia, GA 30058",Lithonia,GA,30058,https://www.yelp.com/biz/bella-dermatology-lithonia-lithonia?adjust_creative=Mwql40_Jp9W-rGojm838NQ&utm_campaign=yelp_api_v3&utm_medium=api_v3_business_search&utm_source=Mwql40_Jp9W-rGojm838NQ,+17706370437,18.04,0.0
Georgia Dermatology & Skin Cancer Center,"415 E Crossville Rd, Roswell, GA 30075",Roswell,GA,30075,https://www.yelp.com/biz/georgia-dermatology-and-skin-cancer-center-roswell?adjust_creative=Mwql40_Jp9W-rGojm838NQ&utm_campaign=yelp_api_v3&utm_medium=api_v3_business_search&utm_source=Mwql40_Jp9W-rGojm838NQ,+17706424644,18.11,2.7
"McClure Robert, MD","5024 Lawrenceville Hwy NW, Lilburn, GA 30047",Lilburn,GA,30047,https://www.yelp.com/biz/mcclure-robert-md-lilburn?adjust_creative=Mwql40_Jp9W-rGojm838NQ&utm_campaign=yelp_api_v3&utm_medium=api_v3_business_search&utm_source=Mwql40_Jp9W-rGojm838NQ,+17709214740,18.58,3.3
Family Dermatology,"629 Beaver Ruin Rd NW, Ste B, Lilburn, GA 30047",Lilburn,GA,30047,https://www.yelp.com/biz/family-dermatology-lilburn?adjust_creative=Mwql40_Jp9W-rGojm838NQ&utm_campaign=yelp_api_v3&utm_medium=api_v3_business_search&utm_source=Mwql40_Jp9W-rGojm838NQ,+14703758252,19.99,1.5
Goodman Dermatology,"2500 Hospital Blvd, Ste 280, Roswell, GA 30076",Roswell,GA,30076,https://www.yelp.com/biz/goodman-dermatology-roswell-5?adjust_creative=Mwql40_Jp9W-rGojm838NQ&utm_campaign=yelp_api_v3&utm_medium=api_v3_business_search&utm_source=Mwql40_Jp9W-rGojm838NQ,+17707540787,20.19,4.5
Krakow Richard A MD,"11685 Alpharetta Hwy, Roswell, GA 30076",Roswell,GA,30076,https://www.yelp.com/biz/krakow-richard-a-md-roswell?adjust_creative=Mwql40_Jp9W-rGojm838NQ&utm_campaign=yelp_api_v3&utm_medium=api_v3_business_search&utm_source=Mwql40_Jp9W-rGojm838NQ,+17704423328,20.33,5.0
"David Olansky, MD","11755 Pointe Pl, Ste B-2, Roswell, GA 30076",Roswell,GA,30076,https://www.yelp.com/biz/david-olansky-md-roswell?adjust_creative=Mwql40_Jp9W-rGojm838NQ&utm_campaign=yelp_api_v3&utm_medium=api_v3_business_search&utm_source=Mwql40_Jp9W-rGojm838NQ,+14043555484,20.35,4.0
Olansky Dermatology Associates,"11755 Pointe Pl, Ste B-2, Roswell, GA 30076",Roswell,GA,30076,https://www.yelp.com/biz/olansky-dermatology-associates-roswell?adjust_creative=Mwql40_Jp9W-rGojm838NQ&utm_campaign=yelp_api_v3&utm_medium=api_v3_business_search&utm_source=Mwql40_Jp9W-rGojm838NQ,+17704107860,20.36,5.0
The Center for Plastic Surgery at MetroDerm,"4374 Atlanta Hwy, Ste 103, Hiram, GA 30141",Hiram,GA,30141,https://www.yelp.com/biz/the-center-for-plastic-surgery-at-metroderm-hiram?adjust_creative=Mwql40_Jp9W-rGojm838NQ&utm_campaign=yelp_api_v3&utm_medium=api_v3_business_search&utm_source=Mwql40_Jp9W-rGojm838NQ,+17707261277,20.39,1.0
Hamilton Dermatology,"11800 Atlantis Pl, Alpharetta, GA 30022",Alpharetta,GA,30022,https://www.yelp.com/biz/hamilton-dermatology-alpharetta?adjust_creative=Mwql40_Jp9W-rGojm838NQ&utm_campaign=yelp_api_v3&utm_medium=api_v3_business_search&utm_source=Mwql40_Jp9W-rGojm838NQ,+17703608881,20.41,3.6
Atlanta Center For Dermatologic Diseases,"1265 Upper Hembree Rd, Ste 100, Roswell, GA 30076",Roswell,GA,30076,https://www.yelp.com/biz/atlanta-center-for-dermatologic-diseases-roswell-2?adjust_creative=Mwql40_Jp9W-rGojm838NQ&utm_campaign=yelp_api_v3&utm_medium=api_v3_business_search&utm_source=Mwql40_Jp9W-rGojm838NQ,+17707511133,20.45,3.3
"Silverstein Judith L, MD","1265 Upper Hembree Rd, Ste 100, Roswell, GA 30076",Roswell,GA,30076,https://www.yelp.com/biz/silverstein-judith-l-md-roswell?adjust_creative=Mwql40_Jp9W-rGojm838NQ&utm_campaign=yelp_api_v3&utm_medium=api_v3_business_search&utm_source=Mwql40_Jp9W-rGojm838NQ,+17707511133,20.45,5.0
"Felicity Warren, MD","3993 Lawrenceville Hwy, Ste 110, The Dermatology Institute of Georgia, Lilburn, GA 30047",Lilburn,GA,30047,https://www.yelp.com/biz/felicity-warren-md-lilburn-2?adjust_creative=Mwql40_Jp9W-rGojm838NQ&utm_campaign=yelp_api_v3&utm_medium=api_v3_business_search&utm_source=Mwql40_Jp9W-rGojm838NQ,+17708525552,20.69,2.0
"The Dermatology Institute of Georgia: Felicity Warren, MD","3993 Lawrenceville Hwy NW, Ste 110, Lilburn, GA 30047",Lilburn,GA,30047,https://www.yelp.com/biz/the-dermatology-institute-of-georgia-lilburn-2?adjust_creative=Mwql40_Jp9W-rGojm838NQ&utm_campaign=yelp_api_v3&utm_medium=api_v3_business_search&utm_source=Mwql40_Jp9W-rGojm838NQ,+17708525552,20.7,2.9
Skin Cancer Specialists and Aesthetic Center,"850 Charles Hardy Pkwy, Dallas, GA 30157",Dallas,GA,30157,https://www.yelp.com/biz/skin-cancer-specialists-and-aesthetic-center-dallas?adjust_creative=Mwql40_Jp9W-rGojm838NQ&utm_campaign=yelp_api_v3&utm_medium=api_v3_business_search&utm_source=Mwql40_Jp9W-rGojm838NQ,+17703368888,20.73,5.0
MetroDerm - Hiram,"148 Bill Carruth Pkwy, Ste 280, Hiram, GA 30141",Hiram,GA,30141,https://www.yelp.com/biz/metroderm-hiram-hiram-3?adjust_creative=Mwql40_Jp9W-rGojm838NQ&utm_campaign=yelp_api_v3&utm_medium=api_v3_business_search&utm_source=Mwql40_Jp9W-rGojm838NQ,+16783633343,20.74,3.0
Vaughnn Rebecca MD,"148 Bill Carruth Pkwy, Hiram, GA 30141",Hiram,GA,30141,https://www.yelp.com/biz/vaughnn-rebecca-md-hiram?adjust_creative=Mwql40_Jp9W-rGojm838NQ&utm_campaign=yelp_api_v3&utm_medium=api_v3_business_search&utm_source=Mwql40_Jp9W-rGojm838NQ,+16783633343,20.75,0.0
Goodman Dermatology,"2001 Professional Pkwy, Ste 250, Woodstock, GA 30188",Woodstock,GA,30188,https://www.yelp.com/biz/goodman-dermatology-woodstock-3?adjust_creative=Mwql40_Jp9W-rGojm838NQ&utm_campaign=yelp_api_v3&utm_medium=api_v3_business_search&utm_source=Mwql40_Jp9W-rGojm838NQ,+17707540791,20.76,4.5
Hillside Family Medicine,"1685 Mars Hill Rd, Ste 201, Acworth, GA 30101",Acworth,GA,30101,https://www.yelp.com/biz/hillside-family-medicine-acworth?adjust_creative=Mwql40_Jp9W-rGojm838NQ&utm_campaign=yelp_api_v3&utm_medium=api_v3_business_search&utm_source=Mwql40_Jp9W-rGojm838NQ,+17704850031,20.76,3.4
MetroDerm - Lilburn,"4150 Five Forks Trickum Road, Ste 3, Lilburn, GA 30047",Lilburn,GA,30047,https://www.yelp.com/biz/metroderm-lilburn-lilburn?adjust_creative=Mwql40_Jp9W-rGojm838NQ&utm_campaign=yelp_api_v3&utm_medium=api_v3_business_search&utm_source=Mwql40_Jp9W-rGojm838NQ,+17709214740,20.86,2.3
The Skin Care Clinic At Woodpark Medical Center,"203 Woodpark Pl, Bldg C, Woodstock, GA 30188",Woodstock,GA,30188,https://www.yelp.com/biz/the-skin-care-clinic-at-woodpark-medical-center-woodstock?adjust_creative=Mwql40_Jp9W-rGojm838NQ&utm_campaign=yelp_api_v3&utm_medium=api_v3_business_search&utm_source=Mwql40_Jp9W-rGojm838NQ,+16784340033,21.14,5.0
Laser Lights Cosmetic Laser Center,"4300 Pleasant Hill Rd, Ste D, Duluth, GA 30096",Duluth,GA,30096,https://www.yelp.com/biz/laser-lights-cosmetic-laser-center-duluth?adjust_creative=Mwql40_Jp9W-rGojm838NQ&utm_campaign=yelp_api_v3&utm_medium=api_v3_business_search&utm_source=Mwql40_Jp9W-rGojm838NQ,+17704959322,21.65,4.0
Dermatology Center of Atlanta,"9900 Medlock Bridge Rd, Johns Creek, GA 30097",Johns Creek,GA,30097,https://www.yelp.com/biz/dermatology-center-of-atlanta-johns-creek?adjust_creative=Mwql40_Jp9W-rGojm838NQ&utm_campaign=yelp_api_v3&utm_medium=api_v3_business_search&utm_source=Mwql40_Jp9W-rGojm838NQ,+17704970699,21.86,2.9
Cleaver Medical Group Dermatology,"3905 Brookside Pkwy, Ste 203, Alpharetta, GA 30022",Alpharetta,GA,30022,https://www.yelp.com/biz/cleaver-medical-group-dermatology-alpharetta?adjust_creative=Mwql40_Jp9W-rGojm838NQ&utm_campaign=yelp_api_v3&utm_medium=api_v3_business_search&utm_source=Mwql40_Jp9W-rGojm838NQ,+17708003455,21.86,5.0
North Atlanta Dermatology,"3850 Pleasant Hill Rd, Duluth, GA 30096",Duluth,GA,30096,https://www.yelp.com/biz/north-atlanta-dermatology-duluth?adjust_creative=Mwql40_Jp9W-rGojm838NQ&utm_campaign=yelp_api_v3&utm_medium=api_v3_business_search&utm_source=Mwql40_Jp9W-rGojm838NQ,+17708148222,21.97,3.4
Atlanta Center For Dermatologic Diseases,"3400C Old Milton Pkwy, Ste 340, Alpharetta, GA 30005",Alpharetta,GA,30005,https://www.yelp.com/biz/atlanta-center-for-dermatologic-diseases-alpharetta?adjust_creative=Mwql40_Jp9W-rGojm838NQ&utm_campaign=yelp_api_v3&utm_medium=api_v3_business_search&utm_source=Mwql40_Jp9W-rGojm838NQ,+17706645225,22.04,2.3
North Pointe Dermatology,"3400 Old Milton Pkwy, Alpharetta, GA 30005",Alpharetta,GA,30005,https://www.yelp.com/biz/north-pointe-dermatology-alpharetta?adjust_creative=Mwql40_Jp9W-rGojm838NQ&utm_campaign=yelp_api_v3&utm_medium=api_v3_business_search&utm_source=Mwql40_Jp9W-rGojm838NQ,+17706641012,22.04,4.4
Corinne Smith MD,"3400-C Old Milton Parkwayste 565, Ste C565, North Pointe Dermatology, Alpharetta, GA 30005",Alpharetta,GA,30005,https://www.yelp.com/biz/smith-corinne-g-md-p-c-alpharetta?adjust_creative=Mwql40_Jp9W-rGojm838NQ&utm_campaign=yelp_api_v3&utm_medium=api_v3_business_search&utm_source=Mwql40_Jp9W-rGojm838NQ,+17706641012,22.05,5.0
"Weil Martin L, MD","3400C Old Milton Pkwy, Alpharetta, GA 30005",Alpharetta,GA,30005,https://www.yelp.com/biz/weil-martin-l-md-alpharetta?adjust_creative=Mwql40_Jp9W-rGojm838NQ&utm_campaign=yelp_api_v3&utm_medium=api_v3_business_search&utm_source=Mwql40_Jp9W-rGojm838NQ,+17706645225,22.06,4.5
Family Dermatology,"150 Towne Lake Pkwy, Woodstock, GA 30188",Woodstock,GA,30188,https://www.yelp.com/biz/family-dermatology-woodstock?adjust_creative=Mwql40_Jp9W-rGojm838NQ&utm_campaign=yelp_api_v3&utm_medium=api_v3_business_search&utm_source=Mwql40_Jp9W-rGojm838NQ,+16783887111,22.07,0.0
Atlanta Skin Cancer Specialists,"3330 Preston Ridge Rd, Ste 280, Alpharetta, GA 30005",Alpharetta,GA,30005,https://www.yelp.com/biz/atlanta-skin-cancer-specialists-alpharetta?adjust_creative=Mwql40_Jp9W-rGojm838NQ&utm_campaign=yelp_api_v3&utm_medium=api_v3_business_search&utm_source=Mwql40_Jp9W-rGojm838NQ,+14044463200,22.09,4.3
Modern Dermatology Atlanta,"120 Stonebridge Pkwy, Ste 440, Woodstock, GA 30189",Woodstock,GA,30189,https://www.yelp.com/biz/modern-dermatology-atlanta-woodstock?adjust_creative=Mwql40_Jp9W-rGojm838NQ&utm_campaign=yelp_api_v3&utm_medium=api_v3_business_search&utm_source=Mwql40_Jp9W-rGojm838NQ,+17702507199,22.12,5.0
MetroDerm - Alpharetta,"3155 North Point Pkwy, Bldg E, Ste 100, Alpharetta, GA 30005",Alpharetta,GA,30005,https://www.yelp.com/biz/metroderm-alpharetta-alpharetta?adjust_creative=Mwql40_Jp9W-rGojm838NQ&utm_campaign=yelp_api_v3&utm_medium=api_v3_business_search&utm_source=Mwql40_Jp9W-rGojm838NQ,+17704756222,22.34,3.0
ATLANTA NORTH DERMATOLOGY SKIN CARE,"100 Stoneforest Dr, Ste 320, Woodstock, GA 30189",Woodstock,GA,30189,https://www.yelp.com/biz/atlanta-north-dermatology-and-skin-care-woodstock-3?adjust_creative=Mwql40_Jp9W-rGojm838NQ&utm_campaign=yelp_api_v3&utm_medium=api_v3_business_search&utm_source=Mwql40_Jp9W-rGojm838NQ,+17705165199,22.35,3.4
"Sandra K. Roberson, MD - Atlanta Allergy & Asthma","100 Stoneforest Dr, Ste 220, Cherokee County, Woodstock, GA 30189",Woodstock,GA,30189,https://www.yelp.com/biz/sandra-k-roberson-md-atlanta-allergy-and-asthma-woodstock?adjust_creative=Mwql40_Jp9W-rGojm838NQ&utm_campaign=yelp_api_v3&utm_medium=api_v3_business_search&utm_source=Mwql40_Jp9W-rGojm838NQ,+17709240096,22.35,0.0
Niren Eileen S MD,"3155 N Point Pkwy, Ste E100, Alpharetta, GA 30005",Alpharetta,GA,30005,https://www.yelp.com/biz/niren-eileen-s-md-alpharetta?adjust_creative=Mwql40_Jp9W-rGojm838NQ&utm_campaign=yelp_api_v3&utm_medium=api_v3_business_search&utm_source=Mwql40_Jp9W-rGojm838NQ,+17704756222,22.38,5.0
Premier Dermatology and Mohs Surgery of Atlanta,"3180 North Point Pkwy, Ste 420, Alpharetta, GA 30005",Alpharetta,GA,30005,https://www.yelp.com/biz/premier-dermatology-and-mohs-surgery-of-atlanta-alpharetta?adjust_creative=Mwql40_Jp9W-rGojm838NQ&utm_campaign=yelp_api_v3&utm_medium=api_v3_business_search&utm_source=Mwql40_Jp9W-rGojm838NQ,+16783451899,22.55,3.3
Steele Dermatology,"11500 Webb Bridge Way, Alpharetta, GA 30005",Alpharetta,GA,30005,https://www.yelp.com/biz/steele-dermatology-alpharetta?adjust_creative=Mwql40_Jp9W-rGojm838NQ&utm_campaign=yelp_api_v3&utm_medium=api_v3_business_search&utm_source=Mwql40_Jp9W-rGojm838NQ,+17704646000,22.68,2.9
Tara Dermatology Center,"110 Eagles Walk, Stockbridge, GA 30281",Stockbridge,GA,30281,https://www.yelp.com/biz/tara-dermatology-center-stockbridge?adjust_creative=Mwql40_Jp9W-rGojm838NQ&utm_campaign=yelp_api_v3&utm_medium=api_v3_business_search&utm_source=Mwql40_Jp9W-rGojm838NQ,+17709911000,22.7,3.0
Epiphany Dermatology,"110 Eagles Walk, Stockbridge, GA 30281",Stockbridge,GA,30281,https://www.yelp.com/biz/epiphany-dermatology-stockbridge?adjust_creative=Mwql40_Jp9W-rGojm838NQ&utm_campaign=yelp_api_v3&utm_medium=api_v3_business_search&utm_source=Mwql40_Jp9W-rGojm838NQ,+14706154411,22.7,3.3
Peng Vincent T MD,"191 Medical Blvd, Stockbridge, GA 30281",Stockbridge,GA,30281,https://www.yelp.com/biz/peng-vincent-t-md-stockbridge?adjust_creative=Mwql40_Jp9W-rGojm838NQ&utm_campaign=yelp_api_v3&utm_medium=api_v3_business_search&utm_source=Mwql40_Jp9W-rGojm838NQ,+17709911000,22.86,0.0
Mujica Juan A MD,"210 Village Center Pkwy, Stockbridge, GA 30281",Stockbridge,GA,30281,https://www.yelp.com/biz/mujica-juan-a-md-stockbridge-2?adjust_creative=Mwql40_Jp9W-rGojm838NQ&utm_campaign=yelp_api_v3&utm_medium=api_v3_business_search&utm_source=Mwql40_Jp9W-rGojm838NQ,+17704745952,23.07,0.0
Pereyo Neville G MD,"210 Village Center Pkwy, Stockbridge, GA 30281",Stockbridge,GA,30281,https://www.yelp.com/biz/pereyo-neville-g-md-stockbridge-2?adjust_creative=Mwql40_Jp9W-rGojm838NQ&utm_campaign=yelp_api_v3&utm_medium=api_v3_business_search&utm_source=Mwql40_Jp9W-rGojm838NQ,+17704745952,23.07,0.0
Woodstock Dermatology,"300 Parkbrooke Pl, Woodstock, GA 30189",Woodstock,GA,30189,https://www.yelp.com/biz/woodstock-dermatology-woodstock?adjust_creative=Mwql40_Jp9W-rGojm838NQ&utm_campaign=yelp_api_v3&utm_medium=api_v3_business_search&utm_source=Mwql40_Jp9W-rGojm838NQ,+17709242573,23.09,5.0
Arasi Richard MD,"300 Parkbrooke Pl, Ste 360, Woodstock, GA 30189",Woodstock,GA,30189,https://www.yelp.com/biz/arasi-richard-md-woodstock?adjust_creative=Mwql40_Jp9W-rGojm838NQ&utm_campaign=yelp_api_v3&utm_medium=api_v3_business_search&utm_source=Mwql40_Jp9W-rGojm838NQ,+17709242573,23.09,3.4
Dermatology & Skin Surgery Center,"210 Village Center Pkwy, Stockbridge, GA 30281",Stockbridge,GA,30281,https://www.yelp.com/biz/dermatology-and-skin-surgery-center-stockbridge?adjust_creative=Mwql40_Jp9W-rGojm838NQ&utm_campaign=yelp_api_v3&utm_medium=api_v3_business_search&utm_source=Mwql40_Jp9W-rGojm838NQ,+17704745952,23.12,3.4
The Lump And Bump Doc,"1215 Eagles Landing Pkwy, Ste 205, Stockbridge, GA 30281",Stockbridge,GA,30281,https://www.yelp.com/biz/the-lump-and-bump-doc-stockbridge?adjust_creative=Mwql40_Jp9W-rGojm838NQ&utm_campaign=yelp_api_v3&utm_medium=api_v3_business_search&utm_source=Mwql40_Jp9W-rGojm838NQ,+16789029035,23.12,0.0
"Maria R Pico, MD","210 Village Center Pkwy, Dermatology & Skin Surgery Center, Stockbridge, GA 30281",Stockbridge,GA,30281,https://www.yelp.com/biz/maria-r-pico-md-stockbridge?adjust_creative=Mwql40_Jp9W-rGojm838NQ&utm_campaign=yelp_api_v3&utm_medium=api_v3_business_search&utm_source=Mwql40_Jp9W-rGojm838NQ,+17704745952,23.12,1.0
High Quality Cosmetic Dermatology,"1215 Eagles Landing Pkwy, Stockbridge, GA 30281",Stockbridge,GA,30281,https://www.yelp.com/biz/high-quality-cosmetic-dermatology-stockbridge?adjust_creative=Mwql40_Jp9W-rGojm838NQ&utm_campaign=yelp_api_v3&utm_medium=api_v3_business_search&utm_source=Mwql40_Jp9W-rGojm838NQ,+17703899116,23.12,0.0
"David Bryant, MD","245 Village Center Pkwy, Ste 120, Stockbridge, GA 30281",Stockbridge,GA,30281,https://www.yelp.com/biz/david-bryant-md-stockbridge-5?adjust_creative=Mwql40_Jp9W-rGojm838NQ&utm_campaign=yelp_api_v3&utm_medium=api_v3_business_search&utm_source=Mwql40_Jp9W-rGojm838NQ,+16788857110,23.17,1.2
Clair Alvin H PC,"137 Marquis Dr, # B, Fayetteville, GA 30214",Fayetteville,GA,30214,https://www.yelp.com/biz/clair-alvin-h-pc-fayetteville?adjust_creative=Mwql40_Jp9W-rGojm838NQ&utm_campaign=yelp_api_v3&utm_medium=api_v3_business_search&utm_source=Mwql40_Jp9W-rGojm838NQ,+17704611335,23.4,0.0
"G Anthony Slagel, DO","101 Yorktown Dr, Ste 207, Fayetteville, GA 30214",Fayetteville,GA,30214,https://www.yelp.com/biz/g-anthony-slagel-do-fayetteville?adjust_creative=Mwql40_Jp9W-rGojm838NQ&utm_campaign=yelp_api_v3&utm_medium=api_v3_business_search&utm_source=Mwql40_Jp9W-rGojm838NQ,+17704604283,23.43,1.8
First Georgia Physician Group,"101 Yorktown Dr, Ste 200, Fayetteville, GA 30214",Fayetteville,GA,30214,https://www.yelp.com/biz/first-georgia-physician-group-fayetteville?adjust_creative=Mwql40_Jp9W-rGojm838NQ&utm_campaign=yelp_api_v3&utm_medium=api_v3_business_search&utm_source=Mwql40_Jp9W-rGojm838NQ,+17704604285,23.44,2.1
"James T Sandwich, MD","1279 Hwy 54 W, Ste 100, Fayetteville, GA 30214",Fayetteville,GA,30214,https://www.yelp.com/biz/james-t-sandwich-md-fayetteville?adjust_creative=Mwql40_Jp9W-rGojm838NQ&utm_campaign=yelp_api_v3&utm_medium=api_v3_business_search&utm_source=Mwql40_Jp9W-rGojm838NQ,+17704608988,23.5,5.0
Piedmont Physicians Dermatology,"101 Yorktown Dr, Ste 207, Fayetteville, GA 30214",Fayetteville,GA,30214,https://www.yelp.com/biz/piedmont-physicians-dermatology-fayetteville?adjust_creative=Mwql40_Jp9W-rGojm838NQ&utm_campaign=yelp_api_v3&utm_medium=api_v3_business_search&utm_source=Mwql40_Jp9W-rGojm838NQ,+17704604283,23.51,1.0
Piedmont Urgent Care,"749 W Lanier Ave, Fayetteville, GA 30214",Fayetteville,GA,30214,https://www.yelp.com/biz/piedmont-urgent-care-fayetteville-2?adjust_creative=Mwql40_Jp9W-rGojm838NQ&utm_campaign=yelp_api_v3&utm_medium=api_v3_business_search&utm_source=Mwql40_Jp9W-rGojm838NQ,+17708354925,23.52,3.3
Family Dermatology of Fayetteville,"1267 Highway 54 W, Fayetteville, GA 30214",Fayetteville,GA,30214,https://www.yelp.com/biz/family-dermatology-of-fayetteville-fayetteville?adjust_creative=Mwql40_Jp9W-rGojm838NQ&utm_campaign=yelp_api_v3&utm_medium=api_v3_business_search&utm_source=Mwql40_Jp9W-rGojm838NQ,+17707168835,23.53,5.0
Pirozzi Donald J MD,"1267 Highway 54 W, Ste 4200, Fayetteville, GA 30214",Fayetteville,GA,30214,https://www.yelp.com/biz/pirozzi-donald-j-md-fayetteville?adjust_creative=Mwql40_Jp9W-rGojm838NQ&utm_campaign=yelp_api_v3&utm_medium=api_v3_business_search&utm_source=Mwql40_Jp9W-rGojm838NQ,+17707168835,23.53,0.0
Fayette Area Dermatology,"450 Lanier Ave W, Fayetteville, GA 30214",Fayetteville,GA,30214,https://www.yelp.com/biz/fayette-area-dermatology-fayetteville?adjust_creative=Mwql40_Jp9W-rGojm838NQ&utm_campaign=yelp_api_v3&utm_medium=api_v3_business_search&utm_source=Mwql40_Jp9W-rGojm838NQ,+17704608988,23.57,2.0
Epiphany Dermatology,"874 W Lanier Ave, Ste 270, Fayetteville, GA 30214",Fayetteville,GA,30214,https://www.yelp.com/biz/epiphany-dermatology-fayetteville?adjust_creative=Mwql40_Jp9W-rGojm838NQ&utm_campaign=yelp_api_v3&utm_medium=api_v3_business_search&utm_source=Mwql40_Jp9W-rGojm838NQ,+14709472220,23.62,3.0
"Alvin H Clair, MD PC","874 West Lanier Ave, Fayetteville, GA 30214",Fayetteville,GA,30214,https://www.yelp.com/biz/alvin-h-clair-md-pc-fayetteville-2?adjust_creative=Mwql40_Jp9W-rGojm838NQ&utm_campaign=yelp_api_v3&utm_medium=api_v3_business_search&utm_source=Mwql40_Jp9W-rGojm838NQ,+17704611335,23.62,0.0
Bella Dermatology,"2340 Patrick Henry Pkwy, Ste 200, Mcdonough, GA 30253",Mcdonough,GA,30253,https://www.yelp.com/biz/bella-dermatology-mcdonough?adjust_creative=Mwql40_Jp9W-rGojm838NQ&utm_campaign=yelp_api_v3&utm_medium=api_v3_business_search&utm_source=Mwql40_Jp9W-rGojm838NQ,+17705078481,24.16,2.2
"Terry L Sharpe, MD - Bella Dermatology","2340 Patrick Henry Pkwy, Ste 200, McDonough, GA 30253",McDonough,GA,30253,https://www.yelp.com/biz/terry-l-sharpe-md-bella-dermatology-mcdonough-2?adjust_creative=Mwql40_Jp9W-rGojm838NQ&utm_campaign=yelp_api_v3&utm_medium=api_v3_business_search&utm_source=Mwql40_Jp9W-rGojm838NQ,+17705078481,24.17,2.5
Southern Dermatology,"1805 Herrington Rd, Bldg 3, Ste A, Lawrenceville, GA 30043",Lawrenceville,GA,30043,https://www.yelp.com/biz/southern-dermatology-lawrenceville?adjust_creative=Mwql40_Jp9W-rGojm838NQ&utm_campaign=yelp_api_v3&utm_medium=api_v3_business_search&utm_source=Mwql40_Jp9W-rGojm838NQ,+17708172592,24.67,3.8
Acworth Dermatology & Skin Cancer Center,"4450 Calibre Crossing, Ste 1208, Acworth, GA 30101",Acworth,GA,30101,https://www.yelp.com/biz/acworth-dermatology-and-skin-cancer-center-acworth?adjust_creative=Mwql40_Jp9W-rGojm838NQ&utm_campaign=yelp_api_v3&utm_medium=api_v3_business_search&utm_source=Mwql40_Jp9W-rGojm838NQ,+16785058030,24.74,5.0
Spectrum Dermatology of Atlanta,"1725 Windward Concourse, Ste 120, Alpharetta, GA 30005",Alpharetta,GA,30005,https://www.yelp.com/biz/spectrum-dermatology-of-atlanta-alpharetta?adjust_creative=Mwql40_Jp9W-rGojm838NQ&utm_campaign=yelp_api_v3&utm_medium=api_v3_business_search&utm_source=Mwql40_Jp9W-rGojm838NQ,+14707318010,24.74,4.6
"Shereen Timani, MD - Johns Creek Dermatology","6300 Hospital Pkwy, Ste 100, Johns Creek, GA 30097",Johns Creek,GA,30097,https://www.yelp.com/biz/shereen-timani-md-johns-creek-dermatology-johns-creek?adjust_creative=Mwql40_Jp9W-rGojm838NQ&utm_campaign=yelp_api_v3&utm_medium=api_v3_business_search&utm_source=Mwql40_Jp9W-rGojm838NQ,+17707716591,24.78,1.0
Johns Creek Dermatology,"6300 Hospital Pkwy, Ste 100, Johns Creek, GA 30097",Johns Creek,GA,30097,https://www.yelp.com/biz/johns-creek-dermatology-johns-creek?adjust_creative=Mwql40_Jp9W-rGojm838NQ&utm_campaign=yelp_api_v3&utm_medium=api_v3_business_search&utm_source=Mwql40_Jp9W-rGojm838NQ,+17707716591,24.81,1.8
May River Dermatology - Johns Creek,"6470 E Johns Crossing, Ste 200, Johns Creek, GA 30097",Johns Creek,GA,30097,https://www.yelp.com/biz/may-river-dermatology-johns-creek-johns-creek-3?adjust_creative=Mwql40_Jp9W-rGojm838NQ&utm_campaign=yelp_api_v3&utm_medium=api_v3_business_search&utm_source=Mwql40_Jp9W-rGojm838NQ,+14702825729,24.88,4.0
Dermani Medspa,"11720 Medlock Bridge Rd, Ste 140, Johns Creek, GA 30097",Johns Creek,GA,30097,https://www.yelp.com/biz/dermani-medspa-johns-creek?adjust_creative=Mwql40_Jp9W-rGojm838NQ&utm_campaign=yelp_api_v3&utm_medium=api_v3_business_search&utm_source=Mwql40_Jp9W-rGojm838NQ,+17702122242,24.93,4.6
Georgia Dermatology Partners - Snellville,"2383 Pate St, Snellville, GA 30078",Snellville,GA,30078,https://www.yelp.com/biz/georgia-dermatology-partners-snellville-snellville?adjust_creative=Mwql40_Jp9W-rGojm838NQ&utm_campaign=yelp_api_v3&utm_medium=api_v3_business_search&utm_source=Mwql40_Jp9W-rGojm838NQ,+17709724845,25.0,3.1
